-920	745	27.609
-920	725	27.639
-920	705	27.66
-920	685	27.685
-920	665	27.699
-920	645	27.707
-920	625	27.703
-920	605	27.699
-920	585	27.692
-920	565	27.694
-920	545	27.711
-920	525	27.724
-920	505	27.721
-920	485	27.712
-920	465	27.717
-920	445	27.729
-920	425	27.742
-920	405	27.742
-920	385	27.728
-920	365	27.692
-920	345	27.631
-920	325	27.563
-920	305	27.513
-920	285	27.499
-920	265	27.531
-920	245	27.589
-920	225	27.632
-920	205	27.651
-920	185	27.675
-920	165	27.692
-920	145	27.696
-920	125	27.694
-920	105	27.695
-920	85	27.7
-920	65	27.704
-920	45	27.7
-920	25	27.689
-920	5	27.697
-920	-15	27.736
-920	-35	27.777
-920	-55	27.79
-920	-75	27.778
-920	-95	27.759
-920	-115	27.747
-920	-135	27.747
-920	-155	27.758
-920	-175	27.769
-920	-195	27.785
-920	-215	27.802
-920	-235	27.817
-920	-255	27.828
-920	-275	27.83
-920	-295	27.839
-920	-315	27.859
-920	-335	27.869
-920	-355	27.862
-920	-375	27.848
-920	-395	27.832
-920	-415	27.826
-920	-435	27.824
-920	-455	27.818
-920	-475	27.818
-920	-495	27.819
-920	-515	27.81
-920	-535	27.811
-920	-555	27.812
-920	-575	27.812
-920	-595	27.812
-920	-615	27.809
-920	-635	27.815
-920	-655	27.823
-920	-675	27.827
-920	-695	27.83
-920	-715	27.827
-920	-735	27.833
-900	-735	27.839
-900	-715	27.839
-900	-695	27.845
-900	-675	27.845
-900	-655	27.841
-900	-635	27.833
-900	-615	27.825
-900	-595	27.826
-900	-575	27.826
-900	-555	27.824
-900	-535	27.831
-900	-515	27.828
-900	-495	27.833
-900	-475	27.835
-900	-455	27.814
-900	-435	27.833
-900	-415	27.843
-900	-395	27.857
-900	-375	27.862
-900	-355	27.872
-900	-335	27.882
-900	-315	27.877
-900	-295	27.859
-900	-275	27.849
-900	-255	27.847
-900	-235	27.833
-900	-215	27.817
-900	-195	27.804
-900	-175	27.795
-900	-155	27.784
-900	-135	27.773
-900	-115	27.771
-900	-95	27.78
-900	-75	27.803
-900	-55	27.821
-900	-35	27.812
-900	-15	27.761
-900	5	27.706
-900	25	27.702
-900	45	27.717
-900	65	27.727
-900	85	27.721
-900	105	27.72
-900	125	27.722
-900	145	27.725
-900	165	27.716
-900	185	27.713
-900	205	27.701
-900	225	27.691
-900	245	27.664
-900	265	27.614
-900	285	27.59
-900	305	27.591
-900	325	27.62
-900	345	27.678
-900	365	27.732
-900	385	27.76
-900	405	27.763
-900	425	27.758
-900	445	27.751
-900	465	27.748
-900	485	27.743
-900	505	27.737
-900	525	27.741
-900	545	27.734
-900	565	27.721
-900	585	27.718
-900	605	27.714
-900	625	27.726
-900	645	27.717
-900	665	27.717
-900	685	27.71
-900	705	27.695
-900	725	27.666
-900	745	27.621
-880	745	27.619
-880	725	27.68
-880	705	27.72
-880	685	27.728
-880	665	27.724
-880	645	27.727
-880	625	27.723
-880	605	27.729
-880	585	27.731
-880	565	27.733
-880	545	27.733
-880	525	27.745
-880	505	27.747
-880	485	27.749
-880	465	27.749
-880	445	27.76
-880	425	27.764
-880	405	27.769
-880	385	27.773
-880	365	27.765
-880	345	27.71
-880	325	27.66
-880	305	27.66
-880	285	27.683
-880	265	27.698
-880	245	27.71
-880	225	27.725
-880	205	27.729
-880	185	27.738
-880	165	27.744
-880	145	27.748
-880	125	27.752
-880	105	27.747
-880	85	27.751
-880	65	27.75
-880	45	27.746
-880	25	27.731
-880	5	27.732
-880	-15	27.792
-880	-35	27.843
-880	-55	27.824
-880	-75	27.812
-880	-95	27.795
-880	-115	27.783
-880	-135	27.779
-880	-155	27.779
-880	-175	27.792
-880	-195	27.802
-880	-215	27.813
-880	-235	27.828
-880	-255	27.845
-880	-275	27.858
-880	-295	27.878
-880	-315	27.89
-880	-335	27.89
-880	-355	27.877
-880	-375	27.865
-880	-395	27.861
-880	-415	27.838
-880	-435	27.824
-880	-455	27.806
-880	-475	27.81
-880	-495	27.804
-880	-515	27.809
-880	-535	27.808
-880	-555	27.814
-880	-575	27.836
-880	-595	27.837
-880	-615	27.829
-880	-635	27.837
-880	-655	27.839
-880	-675	27.837
-880	-695	27.843
-880	-715	27.846
-880	-735	27.843
-860	-735	27.841
-860	-715	27.843
-860	-695	27.843
-860	-675	27.836
-860	-655	27.84
-860	-635	27.842
-860	-615	27.843
-860	-595	27.843
-860	-575	27.841
-860	-555	27.834
-860	-535	27.826
-860	-515	27.839
-860	-495	27.841
-860	-475	27.84
-860	-455	27.822
-860	-435	27.844
-860	-415	27.845
-860	-395	27.851
-860	-375	27.858
-860	-355	27.872
-860	-335	27.881
-860	-315	27.887
-860	-295	27.884
-860	-275	27.861
-860	-255	27.855
-860	-235	27.844
-860	-215	27.828
-860	-195	27.807
-860	-175	27.798
-860	-155	27.792
-860	-135	27.784
-860	-115	27.788
-860	-95	27.807
-860	-75	27.808
-860	-55	27.842
-860	-35	27.852
-860	-15	27.811
-860	5	27.755
-860	25	27.754
-860	45	27.766
-860	65	27.769
-860	85	27.769
-860	105	27.764
-860	125	27.764
-860	145	27.761
-860	165	27.761
-860	185	27.758
-860	205	27.752
-860	225	27.744
-860	245	27.737
-860	265	27.728
-860	285	27.72
-860	305	27.7
-860	325	27.688
-860	345	27.729
-860	365	27.777
-860	385	27.766
-860	405	27.752
-860	425	27.754
-860	445	27.759
-860	465	27.756
-860	485	27.753
-860	505	27.749
-860	525	27.748
-860	545	27.74
-860	565	27.723
-860	585	27.732
-860	605	27.731
-860	625	27.728
-860	645	27.726
-860	665	27.722
-860	685	27.725
-860	705	27.728
-860	725	27.676
-860	745	27.933
-840	745	27.941
-840	725	27.678
-840	705	27.718
-840	685	27.712
-840	665	27.712
-840	645	27.723
-840	625	27.727
-840	605	27.726
-840	585	27.732
-840	565	27.738
-840	545	27.744
-840	525	27.745
-840	505	27.749
-840	485	27.748
-840	465	27.756
-840	445	27.758
-840	425	27.74
-840	405	27.732
-840	385	27.764
-840	365	27.78
-840	345	27.742
-840	325	27.711
-840	305	27.724
-840	285	27.738
-840	265	27.747
-840	245	27.753
-840	225	27.758
-840	205	27.767
-840	185	27.772
-840	165	27.77
-840	145	27.766
-840	125	27.774
-840	105	27.774
-840	85	27.78
-840	65	27.773
-840	45	27.772
-840	25	27.769
-840	5	27.771
-840	-15	27.814
-840	-35	27.852
-840	-55	27.843
-840	-75	27.825
-840	-95	27.816
-840	-115	27.803
-840	-135	27.789
-840	-155	27.801
-840	-175	27.806
-840	-195	27.812
-840	-215	27.828
-840	-235	27.842
-840	-255	27.85
-840	-275	27.857
-840	-295	27.873
-840	-315	27.876
-840	-335	27.872
-840	-355	27.864
-840	-375	27.858
-840	-395	27.839
-840	-415	27.837
-840	-435	27.846
-840	-455	27.819
-840	-475	27.839
-840	-495	27.835
-840	-515	27.84
-840	-535	27.836
-840	-555	27.829
-840	-575	27.842
-840	-595	27.842
-840	-615	27.842
-840	-635	27.837
-840	-655	27.835
-840	-675	27.834
-840	-695	27.84
-840	-715	27.841
-840	-735	27.832
-820	-735	27.823
-820	-715	27.837
-820	-695	27.837
-820	-675	27.826
-820	-655	27.836
-820	-635	27.837
-820	-615	27.839
-820	-595	27.839
-820	-575	27.84
-820	-555	27.831
-820	-535	27.833
-820	-515	27.837
-820	-495	27.836
-820	-475	27.839
-820	-455	27.816
-820	-435	27.844
-820	-415	27.825
-820	-395	27.827
-820	-375	27.851
-820	-355	27.849
-820	-335	27.861
-820	-315	27.869
-820	-295	27.867
-820	-275	27.854
-820	-255	27.849
-820	-235	27.841
-820	-215	27.835
-820	-195	27.827
-820	-175	27.811
-820	-155	27.809
-820	-135	27.803
-820	-115	27.811
-820	-95	27.819
-820	-75	27.831
-820	-55	27.841
-820	-35	27.844
-820	-15	27.817
-820	5	27.775
-820	25	27.773
-820	45	27.782
-820	65	27.786
-820	85	27.787
-820	105	27.786
-820	125	27.784
-820	145	27.779
-820	165	27.783
-820	185	27.783
-820	205	27.776
-820	225	27.772
-820	245	27.762
-820	265	27.759
-820	285	27.751
-820	305	27.737
-820	325	27.727
-820	345	27.751
-820	365	27.776
-820	385	27.769
-820	405	27.741
-820	425	27.75
-820	445	27.761
-820	465	27.758
-820	485	27.749
-820	505	27.739
-820	525	27.737
-820	545	27.743
-820	565	27.741
-820	585	27.731
-820	605	27.73
-820	625	27.729
-820	645	27.726
-820	665	27.717
-820	685	27.717
-820	705	27.722
-820	725	27.697
-820	745	27.65
-800	745	27.668
-800	725	27.708
-800	705	27.723
-800	685	27.721
-800	665	27.727
-800	645	27.728
-800	625	27.728
-800	605	27.727
-800	585	27.733
-800	565	27.738
-800	545	27.745
-800	525	27.743
-800	505	27.741
-800	485	27.756
-800	465	27.757
-800	445	27.763
-800	425	27.767
-800	405	27.763
-800	385	27.772
-800	365	27.782
-800	345	27.76
-800	325	27.744
-800	305	27.755
-800	285	27.757
-800	265	27.77
-800	245	27.776
-800	225	27.782
-800	205	27.787
-800	185	27.788
-800	165	27.793
-800	145	27.794
-800	125	27.788
-800	105	27.788
-800	85	27.794
-800	65	27.787
-800	45	27.785
-800	25	27.771
-800	5	27.781
-800	-15	27.822
-800	-35	27.853
-800	-55	27.85
-800	-75	27.842
-800	-95	27.832
-800	-115	27.825
-800	-135	27.823
-800	-155	27.819
-800	-175	27.818
-800	-195	27.832
-800	-215	27.837
-800	-235	27.843
-800	-255	27.85
-800	-275	27.848
-800	-295	27.858
-800	-315	27.857
-800	-335	27.849
-800	-355	27.843
-800	-375	27.844
-800	-395	27.846
-800	-415	27.838
-800	-435	27.843
-800	-455	27.822
-800	-475	27.834
-800	-495	27.833
-800	-515	27.835
-800	-535	27.831
-800	-555	27.831
-800	-575	27.833
-800	-595	27.834
-800	-615	27.832
-800	-635	27.831
-800	-655	27.833
-800	-675	27.829
-800	-695	27.834
-800	-715	27.829
-800	-735	27.818
-780	-735	27.812
-780	-715	27.822
-780	-695	27.819
-780	-675	27.823
-780	-655	27.82
-780	-635	27.819
-780	-615	27.821
-780	-595	27.818
-780	-575	27.819
-780	-555	27.812
-780	-535	27.816
-780	-515	27.814
-780	-495	27.818
-780	-475	27.817
-780	-455	27.817
-780	-435	27.825
-780	-415	27.824
-780	-395	27.838
-780	-375	27.839
-780	-355	27.843
-780	-335	27.847
-780	-315	27.843
-780	-295	27.857
-780	-275	27.843
-780	-255	27.839
-780	-235	27.762
-780	-215	27.808
-780	-195	27.828
-780	-175	27.813
-780	-155	27.825
-780	-135	27.825
-780	-115	27.827
-780	-95	27.832
-780	-75	27.839
-780	-55	27.844
-780	-35	27.852
-780	-15	27.823
-780	5	27.776
-780	25	27.778
-780	45	27.787
-780	65	27.789
-780	85	27.793
-780	105	27.792
-780	125	27.793
-780	145	27.791
-780	165	27.795
-780	185	27.788
-780	205	27.79
-780	225	27.783
-780	245	27.78
-780	265	27.775
-780	285	27.764
-780	305	27.747
-780	325	27.751
-780	345	27.764
-780	365	27.782
-780	385	27.775
-780	405	27.764
-780	425	27.766
-780	445	27.758
-780	465	27.747
-780	485	27.752
-780	505	27.74
-780	525	27.746
-780	545	27.735
-780	565	27.734
-780	585	27.73
-780	605	27.735
-780	625	27.72
-780	645	27.724
-780	665	27.727
-780	685	27.722
-780	705	27.718
-780	725	27.699
-780	745	27.657
-760	745	27.637
-760	725	27.676
-760	705	27.722
-760	685	27.725
-760	665	27.726
-760	645	27.733
-760	625	27.735
-760	605	27.725
-760	585	27.726
-760	565	27.731
-760	545	27.747
-760	525	27.75
-760	505	27.749
-760	485	27.75
-760	465	27.761
-760	445	27.764
-760	425	27.77
-760	405	27.774
-760	385	27.779
-760	365	27.781
-760	345	27.772
-760	325	27.761
-760	305	27.767
-760	285	27.773
-760	265	27.779
-760	245	27.785
-760	225	27.79
-760	205	27.796
-760	185	27.796
-760	165	27.798
-760	145	27.801
-760	125	27.801
-760	105	27.794
-760	85	27.798
-760	65	27.792
-760	45	27.787
-760	25	27.778
-760	5	27.772
-760	-15	27.82
-760	-35	27.852
-760	-55	27.856
-760	-75	27.843
-760	-95	27.813
-760	-115	27.843
-760	-135	27.839
-760	-155	27.836
-760	-175	27.827
-760	-195	27.837
-760	-215	27.818
-760	-235	27.754
-760	-255	27.84
-760	-275	27.841
-760	-295	27.845
-760	-315	27.837
-760	-335	27.827
-760	-355	27.821
-760	-375	27.832
-760	-395	27.834
-760	-415	27.83
-760	-435	27.833
-760	-455	27.805
-760	-475	27.826
-760	-495	27.826
-760	-515	27.82
-760	-535	27.781
-760	-555	27.82
-760	-575	27.818
-760	-595	27.819
-760	-615	27.815
-760	-635	27.823
-760	-655	27.825
-760	-675	27.825
-760	-695	27.826
-760	-715	27.82
-760	-735	27.813
-740	-735	27.814
-740	-715	27.819
-740	-695	27.825
-740	-675	27.823
-740	-655	27.823
-740	-635	27.82
-740	-615	27.807
-740	-595	27.809
-740	-575	27.812
-740	-555	27.813
-740	-535	27.768
-740	-515	27.814
-740	-495	27.824
-740	-475	27.819
-740	-455	27.788
-740	-435	27.826
-740	-415	27.831
-740	-395	27.828
-740	-375	27.827
-740	-355	27.779
-740	-335	27.805
-740	-315	27.842
-740	-295	27.848
-740	-275	27.841
-740	-255	27.834
-740	-235	27.843
-740	-215	27.84
-740	-195	27.839
-740	-175	27.833
-740	-155	27.845
-740	-135	27.847
-740	-115	27.85
-740	-95	27.834
-740	-75	27.857
-740	-55	27.862
-740	-35	27.862
-740	-15	27.819
-740	5	27.769
-740	25	27.768
-740	45	27.788
-740	65	27.792
-740	85	27.795
-740	105	27.794
-740	125	27.798
-740	145	27.801
-740	165	27.802
-740	185	27.8
-740	205	27.796
-740	225	27.796
-740	245	27.787
-740	265	27.774
-740	285	27.773
-740	305	27.766
-740	325	27.758
-740	345	27.763
-740	365	27.778
-740	385	27.767
-740	405	27.763
-740	425	27.767
-740	445	27.764
-740	465	27.759
-740	485	27.757
-740	505	27.743
-740	525	27.753
-740	545	27.746
-740	565	27.737
-740	585	27.727
-740	605	27.723
-740	625	27.737
-740	645	27.735
-740	665	27.735
-740	685	27.726
-740	705	27.727
-740	725	27.69
-740	745	27.645
-720	745	27.665
-720	725	27.706
-720	705	27.732
-720	685	27.737
-720	665	27.737
-720	645	27.739
-720	625	27.737
-720	605	27.729
-720	585	27.735
-720	565	27.745
-720	545	27.752
-720	525	27.757
-720	505	27.752
-720	485	27.758
-720	465	27.763
-720	445	27.768
-720	425	27.769
-720	405	27.721
-720	385	27.777
-720	365	27.783
-720	345	27.771
-720	325	27.767
-720	305	27.776
-720	285	27.779
-720	265	27.785
-720	245	27.792
-720	225	27.796
-720	205	27.8
-720	185	27.801
-720	165	27.803
-720	145	27.802
-720	125	27.802
-720	105	27.792
-720	85	27.794
-720	65	27.793
-720	45	27.783
-720	25	27.725
-720	5	27.763
-720	-15	27.82
-720	-35	27.864
-720	-55	27.871
-720	-75	27.864
-720	-95	27.859
-720	-115	27.854
-720	-135	27.844
-720	-155	27.845
-720	-175	27.836
-720	-195	27.842
-720	-215	27.842
-720	-235	27.843
-720	-255	27.841
-720	-275	27.839
-720	-295	27.846
-720	-315	27.84
-720	-335	27.825
-720	-355	27.811
-720	-375	27.824
-720	-395	27.82
-720	-415	27.823
-720	-435	27.823
-720	-455	27.79
-720	-475	27.819
-720	-495	27.82
-720	-515	27.818
-720	-535	27.794
-720	-555	27.811
-720	-575	27.804
-720	-595	27.807
-720	-615	27.802
-720	-635	27.818
-720	-655	27.821
-720	-675	27.826
-720	-695	27.825
-720	-715	27.82
-720	-735	27.804
-700	-735	27.794
-700	-715	27.819
-700	-695	27.821
-700	-675	27.822
-700	-655	27.822
-700	-635	27.816
-700	-615	27.814
-700	-595	27.814
-700	-575	27.804
-700	-555	27.811
-700	-535	27.796
-700	-515	27.812
-700	-495	27.818
-700	-475	27.816
-700	-455	27.786
-700	-435	27.818
-700	-415	27.824
-700	-395	27.825
-700	-375	27.82
-700	-355	27.831
-700	-335	27.834
-700	-315	27.838
-700	-295	27.842
-700	-275	27.841
-700	-255	27.846
-700	-235	27.843
-700	-215	27.843
-700	-195	27.844
-700	-175	27.84
-700	-155	27.853
-700	-135	27.858
-700	-115	27.859
-700	-95	27.867
-700	-75	27.873
-700	-55	27.88
-700	-35	27.879
-700	-15	27.827
-700	5	27.77
-700	25	27.763
-700	45	27.786
-700	65	27.783
-700	85	27.795
-700	105	27.795
-700	125	27.801
-700	145	27.799
-700	165	27.796
-700	185	27.801
-700	205	27.796
-700	225	27.796
-700	245	27.793
-700	265	27.788
-700	285	27.784
-700	305	27.776
-700	325	27.768
-700	345	27.774
-700	365	27.782
-700	385	27.774
-700	405	27.778
-700	425	27.774
-700	445	27.766
-700	465	27.761
-700	485	27.763
-700	505	27.756
-700	525	27.756
-700	545	27.722
-700	565	27.748
-700	585	27.747
-700	605	27.743
-700	625	27.744
-700	645	27.744
-700	665	27.741
-700	685	27.738
-700	705	27.734
-700	725	27.704
-700	745	27.676
-680	745	27.696
-680	725	27.717
-680	705	27.734
-680	685	27.737
-680	665	27.739
-680	645	27.744
-680	625	27.738
-680	605	27.745
-680	585	27.752
-680	565	27.754
-680	545	27.748
-680	525	27.749
-680	505	27.756
-680	485	27.759
-680	465	27.762
-680	445	27.766
-680	425	27.769
-680	405	27.771
-680	385	27.775
-680	365	27.774
-680	345	27.777
-680	325	27.766
-680	305	27.773
-680	285	27.786
-680	265	27.784
-680	245	27.791
-680	225	27.794
-680	205	27.796
-680	185	27.794
-680	165	27.796
-680	145	27.784
-680	125	27.79
-680	105	27.79
-680	85	27.788
-680	65	27.785
-680	45	27.778
-680	25	27.769
-680	5	27.765
-680	-15	27.825
-680	-35	27.882
-680	-55	27.876
-680	-75	27.869
-680	-95	27.868
-680	-115	27.858
-680	-135	27.852
-680	-155	27.848
-680	-175	27.836
-680	-195	27.839
-680	-215	27.837
-680	-235	27.832
-680	-255	27.834
-680	-275	27.843
-680	-295	27.847
-680	-315	27.843
-680	-335	27.833
-680	-355	27.828
-680	-375	27.817
-680	-395	27.814
-680	-415	27.811
-680	-435	27.799
-680	-455	27.783
-680	-475	27.786
-680	-495	27.793
-680	-515	27.793
-680	-535	27.792
-680	-555	27.799
-680	-575	27.808
-680	-595	27.811
-680	-615	27.809
-680	-635	27.813
-680	-655	27.814
-680	-675	27.817
-680	-695	27.818
-680	-715	27.82
-680	-735	27.798
-660	-735	27.811
-660	-715	27.822
-660	-695	27.827
-660	-675	27.823
-660	-655	27.824
-660	-635	27.823
-660	-615	27.817
-660	-595	27.823
-660	-575	27.822
-660	-555	27.818
-660	-535	27.809
-660	-515	27.818
-660	-495	27.82
-660	-475	27.817
-660	-455	27.792
-660	-435	27.819
-660	-415	27.822
-660	-395	27.825
-660	-375	27.818
-660	-355	27.83
-660	-335	27.833
-660	-315	27.846
-660	-295	27.848
-660	-275	27.838
-660	-255	27.841
-660	-235	27.845
-660	-215	27.847
-660	-195	27.847
-660	-175	27.842
-660	-155	27.856
-660	-135	27.863
-660	-115	27.869
-660	-95	27.878
-660	-75	27.872
-660	-55	27.883
-660	-35	27.887
-660	-15	27.825
-660	5	27.76
-660	25	27.768
-660	45	27.78
-660	65	27.784
-660	85	27.788
-660	105	27.781
-660	125	27.793
-660	145	27.796
-660	165	27.796
-660	185	27.796
-660	205	27.798
-660	225	27.795
-660	245	27.792
-660	265	27.79
-660	285	27.785
-660	305	27.775
-660	325	27.768
-660	345	27.772
-660	365	27.774
-660	385	27.771
-660	405	27.769
-660	425	27.764
-660	445	27.764
-660	465	27.762
-660	485	27.759
-660	505	27.761
-660	525	27.758
-660	545	27.756
-660	565	27.753
-660	585	27.754
-660	605	27.745
-660	625	27.738
-660	645	27.742
-660	665	27.737
-660	685	27.737
-660	705	27.737
-660	725	27.728
-660	745	27.711
-640	745	27.712
-640	725	27.725
-640	705	27.734
-640	685	27.73
-640	665	27.724
-640	645	27.732
-640	625	27.746
-640	605	27.753
-640	585	27.754
-640	565	27.758
-640	545	27.755
-640	525	27.757
-640	505	27.758
-640	485	27.759
-640	465	27.759
-640	445	27.76
-640	425	27.756
-640	405	27.757
-640	385	27.766
-640	365	27.768
-640	345	27.768
-640	325	27.768
-640	305	27.776
-640	285	27.782
-640	265	27.788
-640	245	27.793
-640	225	27.795
-640	205	27.797
-640	185	27.794
-640	165	27.794
-640	145	27.79
-640	125	27.788
-640	105	27.781
-640	85	27.786
-640	65	27.783
-640	45	27.778
-640	25	27.766
-640	5	27.766
-640	-15	27.834
-640	-35	27.896
-640	-55	27.894
-640	-75	27.888
-640	-95	27.883
-640	-115	27.871
-640	-135	27.864
-640	-155	27.861
-640	-175	27.848
-640	-195	27.853
-640	-215	27.846
-640	-235	27.848
-640	-255	27.843
-640	-275	27.83
-640	-295	27.831
-640	-315	27.843
-640	-335	27.828
-640	-355	27.832
-640	-375	27.82
-640	-395	27.823
-640	-415	27.818
-640	-435	27.819
-640	-455	27.792
-640	-475	27.82
-640	-495	27.821
-640	-515	27.823
-640	-535	27.815
-640	-555	27.816
-640	-575	27.825
-640	-595	27.825
-640	-615	27.823
-640	-635	27.819
-640	-655	27.823
-640	-675	27.821
-640	-695	27.826
-640	-715	27.828
-640	-735	27.823
-620	-735	27.826
-620	-715	27.829
-620	-695	27.822
-620	-675	27.822
-620	-655	27.822
-620	-635	27.816
-620	-615	27.822
-620	-595	27.827
-620	-575	27.831
-620	-555	27.823
-620	-535	27.819
-620	-515	27.826
-620	-495	27.827
-620	-475	27.824
-620	-455	27.804
-620	-435	27.824
-620	-415	27.818
-620	-395	27.82
-620	-375	27.819
-620	-355	27.833
-620	-335	27.83
-620	-315	27.831
-620	-295	27.843
-620	-275	27.839
-620	-255	27.848
-620	-235	27.847
-620	-215	27.853
-620	-195	27.855
-620	-175	27.851
-620	-155	27.863
-620	-135	27.865
-620	-115	27.875
-620	-95	27.89
-620	-75	27.899
-620	-55	27.901
-620	-35	27.904
-620	-15	27.842
-620	5	27.762
-620	25	27.759
-620	45	27.776
-620	65	27.783
-620	85	27.785
-620	105	27.773
-620	125	27.78
-620	145	27.785
-620	165	27.792
-620	185	27.794
-620	205	27.795
-620	225	27.794
-620	245	27.793
-620	265	27.785
-620	285	27.782
-620	305	27.776
-620	325	27.767
-620	345	27.766
-620	365	27.761
-620	385	27.757
-620	405	27.747
-620	425	27.744
-620	445	27.756
-620	465	27.758
-620	485	27.759
-620	505	27.758
-620	525	27.759
-620	545	27.754
-620	565	27.757
-620	585	27.755
-620	605	27.753
-620	625	27.743
-620	645	27.733
-620	665	27.721
-620	685	27.725
-620	705	27.734
-620	725	27.725
-620	745	27.708
-600	745	27.707
-600	725	27.725
-600	705	27.735
-600	685	27.728
-600	665	27.729
-600	645	27.743
-600	625	27.743
-600	605	27.751
-600	585	27.756
-600	565	27.757
-600	545	27.754
-600	525	27.758
-600	505	27.758
-600	485	27.758
-600	465	27.752
-600	445	27.755
-600	425	27.746
-600	405	27.744
-600	385	27.754
-600	365	27.76
-600	345	27.762
-600	325	27.766
-600	305	27.772
-600	285	27.781
-600	265	27.784
-600	245	27.792
-600	225	27.795
-600	205	27.795
-600	185	27.795
-600	165	27.784
-600	145	27.783
-600	125	27.78
-600	105	27.778
-600	85	27.784
-600	65	27.779
-600	45	27.776
-600	25	27.761
-600	5	27.76
-600	-15	27.848
-600	-35	27.911
-600	-55	27.913
-600	-75	27.903
-600	-95	27.897
-600	-115	27.873
-600	-135	27.864
-600	-155	27.866
-600	-175	27.858
-600	-195	27.862
-600	-215	27.849
-600	-235	27.853
-600	-255	27.851
-600	-275	27.841
-600	-295	27.849
-600	-315	27.841
-600	-335	27.832
-600	-355	27.837
-600	-375	27.822
-600	-395	27.819
-600	-415	27.817
-600	-435	27.825
-600	-455	27.808
-600	-475	27.831
-600	-495	27.832
-600	-515	27.825
-600	-535	27.818
-600	-555	27.836
-600	-575	27.837
-600	-595	27.834
-600	-615	27.83
-600	-635	27.816
-600	-655	27.818
-600	-675	27.822
-600	-695	27.827
-600	-715	27.828
-600	-735	27.822
-580	-735	27.829
-580	-715	27.839
-580	-695	27.827
-580	-675	27.827
-580	-655	27.824
-580	-635	27.828
-580	-615	27.826
-580	-595	27.832
-580	-575	27.833
-580	-555	27.828
-580	-535	27.823
-580	-515	27.824
-580	-495	27.825
-580	-475	27.823
-580	-455	27.811
-580	-435	27.826
-580	-415	27.822
-580	-395	27.823
-580	-375	27.827
-580	-355	27.84
-580	-335	27.841
-580	-315	27.851
-580	-295	27.847
-580	-275	27.844
-580	-255	27.847
-580	-235	27.849
-580	-215	27.854
-580	-195	27.861
-580	-175	27.865
-580	-155	27.873
-580	-135	27.88
-580	-115	27.89
-580	-95	27.897
-580	-75	27.906
-580	-55	27.914
-580	-35	27.919
-580	-15	27.849
-580	5	27.76
-580	25	27.759
-580	45	27.773
-580	65	27.777
-580	85	27.779
-580	105	27.778
-580	125	27.78
-580	145	27.785
-580	165	27.791
-580	185	27.792
-580	205	27.786
-580	225	27.787
-580	245	27.789
-580	265	27.782
-580	285	27.784
-580	305	27.777
-580	325	27.767
-580	345	27.759
-580	365	27.759
-580	385	27.754
-580	405	27.755
-580	425	27.754
-580	445	27.754
-580	465	27.756
-580	485	27.757
-580	505	27.757
-580	525	27.755
-580	545	27.743
-580	565	27.756
-580	585	27.754
-580	605	27.752
-580	625	27.741
-580	645	27.744
-580	665	27.741
-580	685	27.737
-580	705	27.733
-580	725	27.733
-580	745	27.714
-560	745	27.714
-560	725	27.736
-560	705	27.739
-560	685	27.742
-560	665	27.747
-560	645	27.749
-560	625	27.749
-560	605	27.757
-560	585	27.757
-560	565	27.761
-560	545	27.757
-560	525	27.762
-560	505	27.76
-560	485	27.76
-560	465	27.76
-560	445	27.758
-560	425	27.758
-560	405	27.759
-560	385	27.758
-560	365	27.758
-560	345	27.758
-560	325	27.77
-560	305	27.779
-560	285	27.787
-560	265	27.79
-560	245	27.793
-560	225	27.796
-560	205	27.798
-560	185	27.796
-560	165	27.795
-560	145	27.792
-560	125	27.789
-560	105	27.783
-560	85	27.782
-560	65	27.783
-560	45	27.779
-560	25	27.772
-560	5	27.766
-560	-15	27.853
-560	-35	27.932
-560	-55	27.924
-560	-75	27.924
-560	-95	27.913
-560	-115	27.905
-560	-135	27.897
-560	-155	27.89
-560	-175	27.873
-560	-195	27.872
-560	-215	27.87
-560	-235	27.866
-560	-255	27.862
-560	-275	27.852
-560	-295	27.856
-560	-315	27.853
-560	-335	27.844
-560	-355	27.843
-560	-375	27.836
-560	-395	27.841
-560	-415	27.844
-560	-435	27.843
-560	-455	27.826
-560	-475	27.843
-560	-495	27.842
-560	-515	27.844
-560	-535	27.825
-560	-555	27.842
-560	-575	27.844
-560	-595	27.846
-560	-615	27.839
-560	-635	27.844
-560	-655	27.842
-560	-675	27.846
-560	-695	27.847
-560	-715	27.844
-560	-735	27.835
-540	-735	27.841
-540	-715	27.849
-540	-695	27.852
-540	-675	27.853
-540	-655	27.848
-540	-635	27.849
-540	-615	27.846
-540	-595	27.851
-540	-575	27.85
-540	-555	27.843
-540	-535	27.823
-540	-515	27.852
-540	-495	27.838
-540	-475	27.85
-540	-455	27.828
-540	-435	27.85
-540	-415	27.851
-540	-395	27.851
-540	-375	27.843
-540	-355	27.843
-540	-335	27.839
-540	-315	27.858
-540	-295	27.858
-540	-275	27.857
-540	-255	27.869
-540	-235	27.873
-540	-215	27.877
-540	-195	27.885
-540	-175	27.882
-540	-155	27.898
-540	-135	27.907
-540	-115	27.869
-540	-95	27.913
-540	-75	27.931
-540	-55	27.938
-540	-35	27.94
-540	-15	27.858
-540	5	27.768
-540	25	27.774
-540	45	27.78
-540	65	27.777
-540	85	27.784
-540	105	27.78
-540	125	27.787
-540	145	27.781
-540	165	27.791
-540	185	27.796
-540	205	27.779
-540	225	27.795
-540	245	27.793
-540	265	27.789
-540	285	27.786
-540	305	27.78
-540	325	27.769
-540	345	27.757
-540	365	27.758
-540	385	27.755
-540	405	27.757
-540	425	27.758
-540	445	27.75
-540	465	27.758
-540	485	27.759
-540	505	27.759
-540	525	27.76
-540	545	27.755
-540	565	27.76
-540	585	27.758
-540	605	27.756
-540	625	27.75
-540	645	27.748
-540	665	27.743
-540	685	27.741
-540	705	27.739
-540	725	27.725
-540	745	27.69
-520	745	27.65
-520	725	27.699
-520	705	27.736
-520	685	27.73
-520	665	27.745
-520	645	27.749
-520	625	27.75
-520	605	27.756
-520	585	27.753
-520	565	27.761
-520	545	27.75
-520	525	27.76
-520	505	27.758
-520	485	27.758
-520	465	27.758
-520	445	27.744
-520	425	27.757
-520	405	27.745
-520	385	27.754
-520	365	27.756
-520	345	27.752
-520	325	27.764
-520	305	27.776
-520	285	27.782
-520	265	27.786
-520	245	27.79
-520	225	27.787
-520	205	27.777
-520	185	27.783
-520	165	27.788
-520	145	27.783
-520	125	27.779
-520	105	27.778
-520	85	27.773
-520	65	27.771
-520	45	27.774
-520	25	27.765
-520	5	27.768
-520	-15	27.861
-520	-35	27.949
-520	-55	27.946
-520	-75	27.938
-520	-95	27.922
-520	-115	27.919
-520	-135	27.913
-520	-155	27.905
-520	-175	27.888
-520	-195	27.889
-520	-215	27.884
-520	-235	27.878
-520	-255	27.873
-520	-275	27.857
-520	-295	27.857
-520	-315	27.859
-520	-335	27.839
-520	-355	27.851
-520	-375	27.849
-520	-395	27.857
-520	-415	27.857
-520	-435	27.857
-520	-455	27.823
-520	-475	27.853
-520	-495	27.845
-520	-515	27.854
-520	-535	27.825
-520	-555	27.844
-520	-575	27.853
-520	-595	27.853
-520	-615	27.846
-520	-635	27.852
-520	-655	27.852
-520	-675	27.848
-520	-695	27.854
-520	-715	27.851
-520	-735	27.841
-500	-735	27.836
-500	-715	27.854
-500	-695	27.858
-500	-675	27.858
-500	-655	27.855
-500	-635	27.847
-500	-615	27.834
-500	-595	27.855
-500	-575	27.853
-500	-555	27.837
-500	-535	27.818
-500	-515	27.856
-500	-495	27.857
-500	-475	27.851
-500	-455	27.818
-500	-435	27.86
-500	-415	27.859
-500	-395	27.862
-500	-375	27.854
-500	-355	27.859
-500	-335	27.84
-500	-315	27.856
-500	-295	27.869
-500	-275	27.864
-500	-255	27.878
-500	-235	27.883
-500	-215	27.888
-500	-195	27.897
-500	-175	27.888
-500	-155	27.912
-500	-135	27.919
-500	-115	27.929
-500	-95	27.933
-500	-75	27.948
-500	-55	27.952
-500	-35	27.957
-500	-15	27.86
-500	5	27.767
-500	25	27.768
-500	45	27.765
-500	65	27.764
-500	85	27.753
-500	105	27.766
-500	125	27.763
-500	145	27.773
-500	165	27.769
-500	185	27.769
-500	205	27.774
-500	225	27.774
-500	245	27.777
-500	265	27.776
-500	285	27.764
-500	305	27.769
-500	325	27.758
-500	345	27.75
-500	365	27.755
-500	385	27.753
-500	405	27.752
-500	425	27.749
-500	445	27.752
-500	465	27.754
-500	485	27.754
-500	505	27.758
-500	525	27.758
-500	545	27.749
-500	565	27.759
-500	585	27.756
-500	605	27.756
-500	625	27.748
-500	645	27.748
-500	665	27.745
-500	685	27.74
-500	705	27.736
-500	725	27.686
-500	745	27.636
-480	745	27.664
-480	725	27.702
-480	705	27.729
-480	685	27.734
-480	665	27.729
-480	645	27.743
-480	625	27.739
-480	605	27.738
-480	585	27.75
-480	565	27.749
-480	545	27.734
-480	525	27.749
-480	505	27.751
-480	485	27.743
-480	465	27.748
-480	445	27.745
-480	425	27.743
-480	405	27.745
-480	385	27.747
-480	365	27.747
-480	345	27.743
-480	325	27.743
-480	305	27.758
-480	285	27.746
-480	265	27.735
-480	245	27.746
-480	225	27.74
-480	205	27.748
-480	185	27.745
-480	165	27.743
-480	145	27.752
-480	125	27.747
-480	105	27.749
-480	85	27.749
-480	65	27.747
-480	45	27.743
-480	25	27.75
-480	5	27.758
-480	-15	27.843
-480	-35	27.946
-480	-55	27.954
-480	-75	27.942
-480	-95	27.933
-480	-115	27.924
-480	-135	27.914
-480	-155	27.906
-480	-175	27.897
-480	-195	27.881
-480	-215	27.881
-480	-235	27.875
-480	-255	27.874
-480	-275	27.863
-480	-295	27.861
-480	-315	27.866
-480	-335	27.859
-480	-355	27.862
-480	-375	27.837
-480	-395	27.823
-480	-415	27.807
-480	-435	27.806
-480	-455	27.808
-480	-475	27.811
-480	-495	27.808
-480	-515	27.803
-480	-535	27.803
-480	-555	27.8
-480	-575	27.803
-480	-595	27.802
-480	-615	27.807
-480	-635	27.815
-480	-655	27.84
-480	-675	27.846
-480	-695	27.855
-480	-715	27.854
-480	-735	27.838
-460	-735	27.841
-460	-715	27.854
-460	-695	27.854
-460	-675	27.856
-460	-655	27.844
-460	-635	27.821
-460	-615	27.845
-460	-595	27.844
-460	-575	27.838
-460	-555	27.848
-460	-535	27.85
-460	-515	27.85
-460	-495	27.849
-460	-475	27.857
-460	-455	27.859
-460	-435	27.854
-460	-415	27.849
-460	-395	27.848
-460	-375	27.844
-460	-355	27.86
-460	-335	27.854
-460	-315	27.857
-460	-295	27.842
-460	-275	27.826
-460	-255	27.868
-460	-235	27.869
-460	-215	27.873
-460	-195	27.877
-460	-175	27.883
-460	-155	27.893
-460	-135	27.903
-460	-115	27.911
-460	-95	27.917
-460	-75	27.925
-460	-55	27.938
-460	-35	27.904
-460	-15	27.804
-460	5	27.709
-460	25	27.709
-460	45	27.723
-460	65	27.723
-460	85	27.723
-460	105	27.725
-460	125	27.73
-460	145	27.729
-460	165	27.731
-460	185	27.735
-460	205	27.731
-460	225	27.726
-460	245	27.718
-460	265	27.712
-460	285	27.7
-460	305	27.691
-460	325	27.683
-460	345	27.711
-460	365	27.74
-460	385	27.743
-460	405	27.741
-460	425	27.732
-460	445	27.741
-460	465	27.742
-460	485	27.752
-460	505	27.752
-460	525	27.752
-460	545	27.746
-460	565	27.751
-460	585	27.753
-460	605	27.749
-460	625	27.743
-460	645	27.744
-460	665	27.737
-460	685	27.731
-460	705	27.728
-460	725	27.72
-460	745	27.703
-440	745	27.737
-440	725	27.745
-440	705	27.748
-440	685	27.756
-440	665	27.762
-440	645	27.769
-440	625	27.772
-440	605	27.771
-440	585	27.767
-440	565	27.769
-440	545	27.767
-440	525	27.771
-440	505	27.768
-440	485	27.769
-440	465	27.76
-440	445	27.747
-440	425	27.747
-440	405	27.748
-440	385	27.75
-440	365	27.755
-440	345	27.724
-440	325	27.692
-440	305	27.701
-440	285	27.688
-440	265	27.694
-440	245	27.73
-440	225	27.738
-440	205	27.743
-440	185	27.745
-440	165	27.752
-440	145	27.745
-440	125	27.737
-440	105	27.726
-440	85	27.718
-440	65	27.718
-440	45	27.712
-440	25	27.695
-440	5	27.704
-440	-15	27.782
-440	-35	27.874
-440	-55	27.919
-440	-75	27.917
-440	-95	27.898
-440	-115	27.898
-440	-135	27.9
-440	-155	27.892
-440	-175	27.885
-440	-195	27.876
-440	-215	27.872
-440	-235	27.871
-440	-255	27.867
-440	-275	27.848
-440	-295	27.857
-440	-315	27.859
-440	-335	27.858
-440	-355	27.867
-440	-375	27.857
-440	-395	27.864
-440	-415	27.864
-440	-435	27.865
-440	-455	27.858
-440	-475	27.866
-440	-495	27.864
-440	-515	27.858
-440	-535	27.844
-440	-555	27.859
-440	-575	27.854
-440	-595	27.853
-440	-615	27.851
-440	-635	27.853
-440	-655	27.856
-440	-675	27.858
-440	-695	27.849
-440	-715	27.853
-440	-735	27.85
-420	-735	27.86
-420	-715	27.861
-420	-695	27.863
-420	-675	27.863
-420	-655	27.863
-420	-635	27.861
-420	-615	27.862
-420	-595	27.861
-420	-575	27.864
-420	-555	27.859
-420	-535	27.866
-420	-515	27.863
-420	-495	27.871
-420	-475	27.872
-420	-455	27.873
-420	-435	27.869
-420	-415	27.871
-420	-395	27.87
-420	-375	27.869
-420	-355	27.867
-420	-335	27.861
-420	-315	27.863
-420	-295	27.849
-420	-275	27.845
-420	-255	27.87
-420	-235	27.87
-420	-215	27.877
-420	-195	27.883
-420	-175	27.885
-420	-155	27.897
-420	-135	27.899
-420	-115	27.911
-420	-95	27.912
-420	-75	27.924
-420	-55	27.924
-420	-35	27.877
-420	-15	27.78
-420	5	27.697
-420	25	27.693
-420	45	27.721
-420	65	27.736
-420	85	27.733
-420	105	27.734
-420	125	27.751
-420	145	27.757
-420	165	27.762
-420	185	27.757
-420	205	27.754
-420	225	27.749
-420	245	27.742
-420	265	27.731
-420	285	27.721
-420	305	27.717
-420	325	27.701
-420	345	27.732
-420	365	27.761
-420	385	27.755
-420	405	27.761
-420	425	27.763
-420	445	27.758
-420	465	27.769
-420	485	27.771
-420	505	27.775
-420	525	27.778
-420	545	27.777
-420	565	27.77
-420	585	27.779
-420	605	27.783
-420	625	27.781
-420	645	27.772
-420	665	27.773
-420	685	27.776
-420	705	27.766
-420	725	27.764
-420	745	27.759
-400	745	27.767
-400	725	27.775
-400	705	27.779
-400	685	27.784
-400	665	27.784
-400	645	27.782
-400	625	27.783
-400	605	27.787
-400	585	27.786
-400	565	27.785
-400	545	27.775
-400	525	27.779
-400	505	27.779
-400	485	27.775
-400	465	27.768
-400	445	27.763
-400	425	27.765
-400	405	27.757
-400	385	27.752
-400	365	27.76
-400	345	27.737
-400	325	27.711
-400	305	27.726
-400	285	27.737
-400	265	27.752
-400	245	27.757
-400	225	27.754
-400	205	27.767
-400	185	27.769
-400	165	27.77
-400	145	27.767
-400	125	27.762
-400	105	27.754
-400	85	27.754
-400	65	27.752
-400	45	27.737
-400	25	27.702
-400	5	27.686
-400	-15	27.799
-400	-35	27.914
-400	-55	27.943
-400	-75	27.935
-400	-95	27.924
-400	-115	27.918
-400	-135	27.907
-400	-155	27.898
-400	-175	27.893
-400	-195	27.885
-400	-215	27.882
-400	-235	27.875
-400	-255	27.873
-400	-275	27.87
-400	-295	27.868
-400	-315	27.868
-400	-335	27.868
-400	-355	27.882
-400	-375	27.874
-400	-395	27.873
-400	-415	27.872
-400	-435	27.87
-400	-455	27.868
-400	-475	27.865
-400	-495	27.854
-400	-515	27.854
-400	-535	27.854
-400	-555	27.852
-400	-575	27.855
-400	-595	27.856
-400	-615	27.857
-400	-635	27.857
-400	-655	27.862
-400	-675	27.858
-400	-695	27.866
-400	-715	27.868
-400	-735	27.869
-380	-735	27.871
-380	-715	27.869
-380	-695	27.846
-380	-675	27.846
-380	-655	27.857
-380	-635	27.859
-380	-615	27.849
-380	-595	27.857
-380	-575	27.862
-380	-555	27.837
-380	-535	27.836
-380	-515	27.859
-380	-495	27.863
-380	-475	27.868
-380	-455	27.85
-380	-435	27.872
-380	-415	27.873
-380	-395	27.869
-380	-375	27.874
-380	-355	27.883
-380	-335	27.869
-380	-315	27.861
-380	-295	27.868
-380	-275	27.871
-380	-255	27.869
-380	-235	27.881
-380	-215	27.884
-380	-195	27.885
-380	-175	27.892
-380	-155	27.899
-380	-135	27.904
-380	-115	27.914
-380	-95	27.924
-380	-75	27.936
-380	-55	27.941
-380	-35	27.945
-380	-15	27.83
-380	5	27.719
-380	25	27.729
-380	45	27.747
-380	65	27.751
-380	85	27.754
-380	105	27.753
-380	125	27.762
-380	145	27.76
-380	165	27.769
-380	185	27.773
-380	205	27.771
-380	225	27.77
-380	245	27.76
-380	265	27.753
-380	285	27.744
-380	305	27.722
-380	325	27.7
-380	345	27.743
-380	365	27.758
-380	385	27.757
-380	405	27.733
-380	425	27.756
-380	445	27.765
-380	465	27.767
-380	485	27.774
-380	505	27.777
-380	525	27.78
-380	545	27.767
-380	565	27.786
-380	585	27.787
-380	605	27.787
-380	625	27.772
-380	645	27.785
-380	665	27.785
-380	685	27.782
-380	705	27.779
-380	725	27.774
-380	745	27.764
-360	745	27.764
-360	725	27.778
-360	705	27.778
-360	685	27.774
-360	665	27.774
-360	645	27.781
-360	625	27.772
-360	605	27.786
-360	585	27.783
-360	565	27.783
-360	545	27.769
-360	525	27.776
-360	505	27.776
-360	485	27.775
-360	465	27.76
-360	445	27.761
-360	425	27.745
-360	405	27.739
-360	385	27.752
-360	365	27.756
-360	345	27.741
-360	325	27.699
-360	305	27.722
-360	285	27.746
-360	265	27.758
-360	245	27.761
-360	225	27.767
-360	205	27.776
-360	185	27.774
-360	165	27.769
-360	145	27.76
-360	125	27.758
-360	105	27.758
-360	85	27.755
-360	65	27.749
-360	45	27.749
-360	25	27.739
-360	5	27.736
-360	-15	27.843
-360	-35	27.945
-360	-55	27.934
-360	-75	27.927
-360	-95	27.925
-360	-115	27.902
-360	-135	27.877
-360	-155	27.886
-360	-175	27.894
-360	-195	27.881
-360	-215	27.886
-360	-235	27.874
-360	-255	27.875
-360	-275	27.869
-360	-295	27.867
-360	-315	27.866
-360	-335	27.87
-360	-355	27.883
-360	-375	27.875
-360	-395	27.871
-360	-415	27.872
-360	-435	27.876
-360	-455	27.86
-360	-475	27.878
-360	-495	27.875
-360	-515	27.875
-360	-535	27.844
-360	-555	27.87
-360	-575	27.858
-360	-595	27.867
-360	-615	27.859
-360	-635	27.859
-360	-655	27.855
-360	-675	27.843
-360	-695	27.849
-360	-715	27.871
-360	-735	27.871
-340	-735	27.871
-340	-715	27.873
-340	-695	27.869
-340	-675	27.863
-340	-655	27.867
-340	-635	27.862
-340	-615	27.865
-340	-595	27.871
-340	-575	27.873
-340	-555	27.869
-340	-535	27.854
-340	-515	27.878
-340	-495	27.872
-340	-475	27.877
-340	-455	27.867
-340	-435	27.878
-340	-415	27.874
-340	-395	27.874
-340	-375	27.878
-340	-355	27.883
-340	-335	27.872
-340	-315	27.873
-340	-295	27.872
-340	-275	27.869
-340	-255	27.877
-340	-235	27.871
-340	-215	27.879
-340	-195	27.875
-340	-175	27.888
-340	-155	27.876
-340	-135	27.846
-340	-115	27.884
-340	-95	27.923
-340	-75	27.922
-340	-55	27.937
-340	-35	27.945
-340	-15	27.846
-340	5	27.739
-340	25	27.737
-340	45	27.752
-340	65	27.754
-340	85	27.754
-340	105	27.759
-340	125	27.76
-340	145	27.762
-340	165	27.773
-340	185	27.774
-340	205	27.773
-340	225	27.771
-340	245	27.766
-340	265	27.756
-340	285	27.751
-340	305	27.743
-340	325	27.729
-340	345	27.746
-340	365	27.758
-340	385	27.751
-340	405	27.743
-340	425	27.753
-340	445	27.761
-340	465	27.761
-340	485	27.772
-340	505	27.774
-340	525	27.776
-340	545	27.766
-340	565	27.781
-340	585	27.783
-340	605	27.775
-340	625	27.779
-340	645	27.779
-340	665	27.772
-340	685	27.774
-340	705	27.775
-340	725	27.777
-340	745	27.763
-320	745	27.767
-320	725	27.774
-320	705	27.778
-320	685	27.779
-320	665	27.772
-320	645	27.782
-320	625	27.77
-320	605	27.782
-320	585	27.78
-320	565	27.777
-320	545	27.766
-320	525	27.772
-320	505	27.759
-320	485	27.77
-320	465	27.762
-320	445	27.764
-320	425	27.758
-320	405	27.756
-320	385	27.752
-320	365	27.76
-320	345	27.746
-320	325	27.726
-320	305	27.743
-320	285	27.752
-320	265	27.759
-320	245	27.764
-320	225	27.774
-320	205	27.763
-320	185	27.773
-320	165	27.77
-320	145	27.77
-320	125	27.766
-320	105	27.762
-320	85	27.757
-320	65	27.757
-320	45	27.753
-320	25	27.743
-320	5	27.744
-320	-15	27.846
-320	-35	27.939
-320	-55	27.932
-320	-75	27.924
-320	-95	27.922
-320	-115	27.899
-320	-135	27.876
-320	-155	27.887
-320	-175	27.892
-320	-195	27.891
-320	-215	27.887
-320	-235	27.879
-320	-255	27.877
-320	-275	27.87
-320	-295	27.859
-320	-315	27.867
-320	-335	27.868
-320	-355	27.882
-320	-375	27.881
-320	-395	27.88
-320	-415	27.882
-320	-435	27.883
-320	-455	27.872
-320	-475	27.881
-320	-495	27.878
-320	-515	27.876
-320	-535	27.861
-320	-555	27.869
-320	-575	27.874
-320	-595	27.872
-320	-615	27.864
-320	-635	27.869
-320	-655	27.861
-320	-675	27.866
-320	-695	27.874
-320	-715	27.876
-320	-735	27.871
-300	-735	27.871
-300	-715	27.875
-300	-695	27.875
-300	-675	27.868
-300	-655	27.857
-300	-635	27.867
-300	-615	27.862
-300	-595	27.862
-300	-575	27.861
-300	-555	27.854
-300	-535	27.858
-300	-515	27.861
-300	-495	27.858
-300	-475	27.868
-300	-455	27.869
-300	-435	27.877
-300	-415	27.878
-300	-395	27.881
-300	-375	27.886
-300	-355	27.883
-300	-335	27.864
-300	-315	27.866
-300	-295	27.871
-300	-275	27.869
-300	-255	27.877
-300	-235	27.879
-300	-215	27.882
-300	-195	27.887
-300	-175	27.889
-300	-155	27.9
-300	-135	27.9
-300	-115	27.911
-300	-95	27.908
-300	-75	27.924
-300	-55	27.93
-300	-35	27.935
-300	-15	27.848
-300	5	27.75
-300	25	27.754
-300	45	27.757
-300	65	27.76
-300	85	27.754
-300	105	27.764
-300	125	27.766
-300	145	27.766
-300	165	27.774
-300	185	27.772
-300	205	27.771
-300	225	27.768
-300	245	27.762
-300	265	27.758
-300	285	27.752
-300	305	27.73
-300	325	27.732
-300	345	27.749
-300	365	27.749
-300	385	27.756
-300	405	27.757
-300	425	27.758
-300	445	27.76
-300	465	27.758
-300	485	27.764
-300	505	27.767
-300	525	27.762
-300	545	27.76
-300	565	27.767
-300	585	27.769
-300	605	27.776
-300	625	27.774
-300	645	27.778
-300	665	27.77
-300	685	27.779
-300	705	27.775
-300	725	27.776
-300	745	27.767
-280	745	27.764
-280	725	27.778
-280	705	27.774
-280	685	27.778
-280	665	27.774
-280	645	27.777
-280	625	27.763
-280	605	27.775
-280	585	27.772
-280	565	27.771
-280	545	27.752
-280	525	27.764
-280	505	27.763
-280	485	27.763
-280	465	27.759
-280	445	27.763
-280	425	27.761
-280	405	27.759
-280	385	27.76
-280	365	27.762
-280	345	27.752
-280	325	27.732
-280	305	27.736
-280	285	27.753
-280	265	27.758
-280	245	27.765
-280	225	27.768
-280	205	27.771
-280	185	27.772
-280	165	27.776
-280	145	27.774
-280	125	27.762
-280	105	27.766
-280	85	27.766
-280	65	27.767
-280	45	27.764
-280	25	27.762
-280	5	27.761
-280	-15	27.849
-280	-35	27.93
-280	-55	27.918
-280	-75	27.915
-280	-95	27.907
-280	-115	27.906
-280	-135	27.895
-280	-155	27.895
-280	-175	27.886
-280	-195	27.886
-280	-215	27.881
-280	-235	27.88
-280	-255	27.877
-280	-275	27.872
-280	-295	27.867
-280	-315	27.864
-280	-335	27.876
-280	-355	27.886
-280	-375	27.888
-280	-395	27.888
-280	-415	27.887
-280	-435	27.885
-280	-455	27.873
-280	-475	27.882
-280	-495	27.881
-280	-515	27.878
-280	-535	27.864
-280	-555	27.873
-280	-575	27.873
-280	-595	27.874
-280	-615	27.867
-280	-635	27.873
-280	-655	27.873
-280	-675	27.874
-280	-695	27.877
-280	-715	27.88
-280	-735	27.873
-260	-735	27.872
-260	-715	27.878
-260	-695	27.863
-260	-675	27.875
-260	-655	27.872
-260	-635	27.869
-260	-615	27.866
-260	-595	27.872
-260	-575	27.872
-260	-555	27.867
-260	-535	27.862
-260	-515	27.873
-260	-495	27.877
-260	-475	27.88
-260	-455	27.874
-260	-435	27.885
-260	-415	27.886
-260	-395	27.887
-260	-375	27.886
-260	-355	27.89
-260	-335	27.873
-260	-315	27.862
-260	-295	27.859
-260	-275	27.869
-260	-255	27.871
-260	-235	27.872
-260	-215	27.876
-260	-195	27.881
-260	-175	27.879
-260	-155	27.887
-260	-135	27.896
-260	-115	27.902
-260	-95	27.905
-260	-75	27.912
-260	-55	27.92
-260	-35	27.924
-260	-15	27.852
-260	5	27.768
-260	25	27.768
-260	45	27.771
-260	65	27.771
-260	85	27.771
-260	105	27.769
-260	125	27.763
-260	145	27.77
-260	165	27.774
-260	185	27.773
-260	205	27.77
-260	225	27.759
-260	245	27.759
-260	265	27.756
-260	285	27.752
-260	305	27.748
-260	325	27.741
-260	345	27.752
-260	365	27.758
-260	385	27.76
-260	405	27.764
-260	425	27.763
-260	445	27.76
-260	465	27.755
-260	485	27.76
-260	505	27.762
-260	525	27.759
-260	545	27.737
-260	565	27.768
-260	585	27.769
-260	605	27.772
-260	625	27.766
-260	645	27.774
-260	665	27.777
-260	685	27.774
-260	705	27.773
-260	725	27.777
-260	745	27.757
-240	745	27.747
-240	725	27.773
-240	705	27.775
-240	685	27.773
-240	665	27.774
-240	645	27.772
-240	625	27.763
-240	605	27.768
-240	585	27.762
-240	565	27.763
-240	545	27.737
-240	525	27.754
-240	505	27.748
-240	485	27.759
-240	465	27.758
-240	445	27.761
-240	425	27.762
-240	405	27.758
-240	385	27.763
-240	365	27.764
-240	345	27.748
-240	325	27.73
-240	305	27.746
-240	285	27.748
-240	265	27.755
-240	245	27.759
-240	225	27.764
-240	205	27.77
-240	185	27.773
-240	165	27.775
-240	145	27.772
-240	125	27.774
-240	105	27.775
-240	85	27.776
-240	65	27.777
-240	45	27.778
-240	25	27.778
-240	5	27.779
-240	-15	27.853
-240	-35	27.918
-240	-55	27.904
-240	-75	27.903
-240	-95	27.893
-240	-115	27.893
-240	-135	27.882
-240	-155	27.884
-240	-175	27.873
-240	-195	27.858
-240	-215	27.871
-240	-235	27.863
-240	-255	27.868
-240	-275	27.868
-240	-295	27.868
-240	-315	27.869
-240	-335	27.872
-240	-355	27.884
-240	-375	27.885
-240	-395	27.885
-240	-415	27.885
-240	-435	27.874
-240	-455	27.873
-240	-475	27.877
-240	-495	27.872
-240	-515	27.871
-240	-535	27.857
-240	-555	27.866
-240	-575	27.867
-240	-595	27.868
-240	-615	27.866
-240	-635	27.861
-240	-655	27.869
-240	-675	27.872
-240	-695	27.877
-240	-715	27.878
-240	-735	27.873
-220	-735	27.869
-220	-715	27.872
-220	-695	27.864
-220	-675	27.861
-220	-655	27.857
-220	-635	27.85
-220	-615	27.852
-220	-595	27.848
-220	-575	27.843
-220	-555	27.843
-220	-535	27.841
-220	-515	27.849
-220	-495	27.851
-220	-475	27.858
-220	-455	27.863
-220	-435	27.862
-220	-415	27.872
-220	-395	27.875
-220	-375	27.881
-220	-355	27.882
-220	-335	27.865
-220	-315	27.853
-220	-295	27.857
-220	-275	27.854
-220	-255	27.858
-220	-235	27.857
-220	-215	27.857
-220	-195	27.842
-220	-175	27.862
-220	-155	27.869
-220	-135	27.874
-220	-115	27.881
-220	-95	27.885
-220	-75	27.892
-220	-55	27.898
-220	-35	27.907
-220	-15	27.847
-220	5	27.783
-220	25	27.783
-220	45	27.782
-220	65	27.776
-220	85	27.774
-220	105	27.773
-220	125	27.774
-220	145	27.773
-220	165	27.773
-220	185	27.77
-220	205	27.767
-220	225	27.762
-220	245	27.756
-220	265	27.752
-220	285	27.748
-220	305	27.744
-220	325	27.721
-220	345	27.747
-220	365	27.764
-220	385	27.761
-220	405	27.758
-220	425	27.754
-220	445	27.756
-220	465	27.751
-220	485	27.743
-220	505	27.747
-220	525	27.742
-220	545	27.735
-220	565	27.738
-220	585	27.757
-220	605	27.761
-220	625	27.754
-220	645	27.765
-220	665	27.763
-220	685	27.765
-220	705	27.772
-220	725	27.775
-220	745	27.755
-200	745	27.762
-200	725	27.775
-200	705	27.759
-200	685	27.766
-200	665	27.764
-200	645	27.761
-200	625	27.755
-200	605	27.756
-200	585	27.753
-200	565	27.75
-200	545	27.726
-200	525	27.745
-200	505	27.747
-200	485	27.744
-200	465	27.747
-200	445	27.753
-200	425	27.754
-200	405	27.758
-200	385	27.759
-200	365	27.764
-200	345	27.757
-200	325	27.743
-200	305	27.749
-200	285	27.749
-200	265	27.753
-200	245	27.758
-200	225	27.763
-200	205	27.769
-200	185	27.77
-200	165	27.774
-200	145	27.774
-200	125	27.777
-200	105	27.779
-200	85	27.781
-200	65	27.782
-200	45	27.786
-200	25	27.788
-200	5	27.79
-200	-15	27.836
-200	-35	27.892
-200	-55	27.894
-200	-75	27.882
-200	-95	27.877
-200	-115	27.872
-200	-135	27.869
-200	-155	27.863
-200	-175	27.855
-200	-195	27.855
-200	-215	27.854
-200	-235	27.848
-200	-255	27.853
-200	-275	27.851
-200	-295	27.849
-200	-315	27.838
-200	-335	27.854
-200	-355	27.872
-200	-375	27.874
-200	-395	27.873
-200	-415	27.876
-200	-435	27.872
-200	-455	27.853
-200	-475	27.869
-200	-495	27.865
-200	-515	27.862
-200	-535	27.847
-200	-555	27.857
-200	-575	27.857
-200	-595	27.854
-200	-615	27.85
-200	-635	27.858
-200	-655	27.861
-200	-675	27.862
-200	-695	27.859
-200	-715	27.868
-200	-735	27.861
-180	-735	27.849
-180	-715	27.857
-180	-695	27.854
-180	-675	27.854
-180	-655	27.849
-180	-635	27.849
-180	-615	27.844
-180	-595	27.847
-180	-575	27.847
-180	-555	27.85
-180	-535	27.833
-180	-515	27.855
-180	-495	27.855
-180	-475	27.857
-180	-455	27.84
-180	-435	27.866
-180	-415	27.868
-180	-395	27.869
-180	-375	27.867
-180	-355	27.869
-180	-335	27.854
-180	-315	27.849
-180	-295	27.845
-180	-275	27.845
-180	-255	27.846
-180	-235	27.846
-180	-215	27.845
-180	-195	27.847
-180	-175	27.845
-180	-155	27.853
-180	-135	27.857
-180	-115	27.857
-180	-95	27.869
-180	-75	27.869
-180	-55	27.882
-180	-35	27.889
-180	-15	27.838
-180	5	27.79
-180	25	27.787
-180	45	27.786
-180	65	27.783
-180	85	27.779
-180	105	27.78
-180	125	27.776
-180	145	27.775
-180	165	27.772
-180	185	27.771
-180	205	27.769
-180	225	27.765
-180	245	27.759
-180	265	27.755
-180	285	27.75
-180	305	27.752
-180	325	27.747
-180	345	27.757
-180	365	27.759
-180	385	27.76
-180	405	27.754
-180	425	27.751
-180	445	27.748
-180	465	27.739
-180	485	27.737
-180	505	27.739
-180	525	27.738
-180	545	27.733
-180	565	27.724
-180	585	27.746
-180	605	27.747
-180	625	27.749
-180	645	27.753
-180	665	27.755
-180	685	27.762
-180	705	27.764
-180	725	27.772
-180	745	27.762
-160	745	27.759
-160	725	27.766
-160	705	27.758
-160	685	27.754
-160	665	27.747
-160	645	27.744
-160	625	27.733
-160	605	27.737
-160	585	27.737
-160	565	27.735
-160	545	27.719
-160	525	27.73
-160	505	27.732
-160	485	27.734
-160	465	27.73
-160	445	27.74
-160	425	27.745
-160	405	27.749
-160	385	27.754
-160	365	27.758
-160	345	27.759
-160	325	27.75
-160	305	27.755
-160	285	27.757
-160	265	27.76
-160	245	27.763
-160	225	27.768
-160	205	27.772
-160	185	27.774
-160	165	27.777
-160	145	27.776
-160	125	27.781
-160	105	27.782
-160	85	27.784
-160	65	27.785
-160	45	27.788
-160	25	27.79
-160	5	27.792
-160	-15	27.837
-160	-35	27.873
-160	-55	27.868
-160	-75	27.861
-160	-95	27.855
-160	-115	27.842
-160	-135	27.845
-160	-155	27.842
-160	-175	27.832
-160	-195	27.834
-160	-215	27.835
-160	-235	27.835
-160	-255	27.835
-160	-275	27.835
-160	-295	27.838
-160	-315	27.839
-160	-335	27.845
-160	-355	27.861
-160	-375	27.861
-160	-395	27.858
-160	-415	27.86
-160	-435	27.859
-160	-455	27.842
-160	-475	27.853
-160	-495	27.85
-160	-515	27.846
-160	-535	27.818
-160	-555	27.842
-160	-575	27.842
-160	-595	27.842
-160	-615	27.835
-160	-635	27.838
-160	-655	27.842
-160	-675	27.842
-160	-695	27.844
-160	-715	27.851
-160	-735	27.843
-140	-735	27.833
-140	-715	27.836
-140	-695	27.832
-140	-675	27.828
-140	-655	27.822
-140	-635	27.814
-140	-615	27.807
-140	-595	27.805
-140	-575	27.799
-140	-555	27.801
-140	-535	27.794
-140	-515	27.808
-140	-495	27.809
-140	-475	27.824
-140	-455	27.83
-140	-435	27.84
-140	-415	27.846
-140	-395	27.848
-140	-375	27.849
-140	-355	27.853
-140	-335	27.838
-140	-315	27.821
-140	-295	27.823
-140	-275	27.823
-140	-255	27.821
-140	-235	27.822
-140	-215	27.823
-140	-195	27.814
-140	-175	27.816
-140	-155	27.827
-140	-135	27.831
-140	-115	27.835
-140	-95	27.832
-140	-75	27.839
-140	-55	27.851
-140	-35	27.858
-140	-15	27.827
-140	5	27.782
-140	25	27.779
-140	45	27.783
-140	65	27.78
-140	85	27.779
-140	105	27.777
-140	125	27.777
-140	145	27.776
-140	165	27.771
-140	185	27.764
-140	205	27.771
-140	225	27.768
-140	245	27.759
-140	265	27.761
-140	285	27.759
-140	305	27.759
-140	325	27.75
-140	345	27.758
-140	365	27.758
-140	385	27.747
-140	405	27.739
-140	425	27.735
-140	445	27.728
-140	465	27.723
-140	485	27.72
-140	505	27.719
-140	525	27.716
-140	545	27.712
-140	565	27.721
-140	585	27.719
-140	605	27.728
-140	625	27.727
-140	645	27.736
-140	665	27.736
-140	685	27.744
-140	705	27.751
-140	725	27.757
-140	745	27.756
-120	745	27.756
-120	725	27.756
-120	705	27.749
-120	685	27.731
-120	665	27.72
-120	645	27.725
-120	625	27.713
-120	605	27.723
-120	585	27.719
-120	565	27.713
-120	545	27.705
-120	525	27.712
-120	505	27.71
-120	485	27.716
-120	465	27.711
-120	445	27.718
-120	425	27.723
-120	405	27.726
-120	385	27.739
-120	365	27.758
-120	345	27.754
-120	325	27.753
-120	305	27.762
-120	285	27.764
-120	265	27.765
-120	245	27.766
-120	225	27.767
-120	205	27.772
-120	185	27.772
-120	165	27.761
-120	145	27.764
-120	125	27.764
-120	105	27.772
-120	85	27.775
-120	65	27.777
-120	45	27.778
-120	25	27.778
-120	5	27.776
-120	-15	27.814
-120	-35	27.844
-120	-55	27.839
-120	-75	27.828
-120	-95	27.825
-120	-115	27.818
-120	-135	27.813
-120	-155	27.813
-120	-175	27.809
-120	-195	27.809
-120	-215	27.809
-120	-235	27.811
-120	-255	27.813
-120	-275	27.813
-120	-295	27.815
-120	-315	27.816
-120	-335	27.828
-120	-355	27.844
-120	-375	27.839
-120	-395	27.835
-120	-415	27.833
-120	-435	27.84
-120	-455	27.813
-120	-475	27.833
-120	-495	27.824
-120	-515	27.822
-120	-535	27.782
-120	-555	27.814
-120	-575	27.817
-120	-595	27.815
-120	-615	27.798
-120	-635	27.813
-120	-655	27.817
-120	-675	27.812
-120	-695	27.815
-120	-715	27.827
-120	-735	27.823
-100	-735	27.814
-100	-715	27.814
-100	-695	27.803
-100	-675	27.804
-100	-655	27.805
-100	-635	27.797
-100	-615	27.769
-100	-595	27.801
-100	-575	27.805
-100	-555	27.807
-100	-535	27.769
-100	-515	27.807
-100	-495	27.814
-100	-475	27.816
-100	-455	27.799
-100	-435	27.828
-100	-415	27.822
-100	-395	27.828
-100	-375	27.831
-100	-355	27.837
-100	-335	27.819
-100	-315	27.811
-100	-295	27.807
-100	-275	27.802
-100	-255	27.801
-100	-235	27.8
-100	-215	27.797
-100	-195	27.797
-100	-175	27.793
-100	-155	27.798
-100	-135	27.8
-100	-115	27.801
-100	-95	27.809
-100	-75	27.815
-100	-55	27.822
-100	-35	27.826
-100	-15	27.798
-100	5	27.762
-100	25	27.763
-100	45	27.767
-100	65	27.766
-100	85	27.763
-100	105	27.759
-100	125	27.751
-100	145	27.751
-100	165	27.76
-100	185	27.766
-100	205	27.762
-100	225	27.764
-100	245	27.764
-100	265	27.764
-100	285	27.761
-100	305	27.762
-100	325	27.755
-100	345	27.761
-100	365	27.757
-100	385	27.728
-100	405	27.704
-100	425	27.704
-100	445	27.71
-100	465	27.703
-100	485	27.704
-100	505	27.698
-100	525	27.702
-100	545	27.693
-100	565	27.703
-100	585	27.708
-100	605	27.714
-100	625	27.709
-100	645	27.717
-100	665	27.711
-100	685	27.729
-100	705	27.752
-100	725	27.758
-100	745	27.762
-80	745	27.768
-80	725	27.763
-80	705	27.747
-80	685	27.737
-80	665	27.721
-80	645	27.714
-80	625	27.701
-80	605	27.702
-80	585	27.695
-80	565	27.691
-80	545	27.681
-80	525	27.688
-80	505	27.693
-80	485	27.679
-80	465	27.699
-80	445	27.704
-80	425	27.697
-80	405	27.7
-80	385	27.728
-80	365	27.757
-80	345	27.757
-80	325	27.746
-80	305	27.752
-80	285	27.76
-80	265	27.758
-80	245	27.758
-80	225	27.757
-80	205	27.754
-80	185	27.756
-80	165	27.752
-80	145	27.744
-80	125	27.745
-80	105	27.749
-80	85	27.753
-80	65	27.749
-80	45	27.753
-80	25	27.749
-80	5	27.752
-80	-15	27.783
-80	-35	27.81
-80	-55	27.804
-80	-75	27.794
-80	-95	27.791
-80	-115	27.786
-80	-135	27.785
-80	-155	27.783
-80	-175	27.781
-80	-195	27.786
-80	-215	27.783
-80	-235	27.788
-80	-255	27.789
-80	-275	27.79
-80	-295	27.795
-80	-315	27.798
-80	-335	27.809
-80	-355	27.826
-80	-375	27.822
-80	-395	27.817
-80	-415	27.813
-80	-435	27.817
-80	-455	27.781
-80	-475	27.811
-80	-495	27.807
-80	-515	27.803
-80	-535	27.756
-80	-555	27.792
-80	-575	27.788
-80	-595	27.768
-80	-615	27.737
-80	-635	27.787
-80	-655	27.795
-80	-675	27.796
-80	-695	27.798
-80	-715	27.804
-80	-735	27.803
-60	-735	27.788
-60	-715	27.788
-60	-695	27.784
-60	-675	27.778
-60	-655	27.77
-60	-635	27.763
-60	-615	27.734
-60	-595	27.753
-60	-575	27.776
-60	-555	27.771
-60	-535	27.741
-60	-515	27.764
-60	-495	27.768
-60	-475	27.768
-60	-455	27.756
-60	-435	27.794
-60	-415	27.804
-60	-395	27.811
-60	-375	27.812
-60	-355	27.809
-60	-335	27.792
-60	-315	27.782
-60	-295	27.78
-60	-275	27.774
-60	-255	27.776
-60	-235	27.773
-60	-215	27.768
-60	-195	27.769
-60	-175	27.767
-60	-155	27.764
-60	-135	27.773
-60	-115	27.77
-60	-95	27.773
-60	-75	27.774
-60	-55	27.782
-60	-35	27.786
-60	-15	27.762
-60	5	27.738
-60	25	27.734
-60	45	27.737
-60	65	27.722
-60	85	27.734
-60	105	27.734
-60	125	27.735
-60	145	27.736
-60	165	27.738
-60	185	27.743
-60	205	27.745
-60	225	27.745
-60	245	27.746
-60	265	27.748
-60	285	27.747
-60	305	27.733
-60	325	27.731
-60	345	27.742
-60	365	27.747
-60	385	27.735
-60	405	27.714
-60	425	27.704
-60	445	27.695
-60	465	27.677
-60	485	27.681
-60	505	27.674
-60	525	27.67
-60	545	27.672
-60	565	27.679
-60	585	27.678
-60	605	27.689
-60	625	27.702
-60	645	27.715
-60	665	27.724
-60	685	27.74
-60	705	27.753
-60	725	27.761
-60	745	27.765
-40	745	27.741
-40	725	27.738
-40	705	27.735
-40	685	27.727
-40	665	27.717
-40	645	27.707
-40	625	27.694
-40	605	27.673
-40	585	27.655
-40	565	27.659
-40	545	27.666
-40	525	27.665
-40	505	27.674
-40	485	27.663
-40	465	27.677
-40	445	27.689
-40	425	27.702
-40	405	27.71
-40	385	27.727
-40	365	27.729
-40	345	27.718
-40	325	27.716
-40	305	27.727
-40	285	27.732
-40	265	27.73
-40	245	27.731
-40	225	27.728
-40	205	27.728
-40	185	27.726
-40	165	27.721
-40	145	27.717
-40	125	27.719
-40	105	27.713
-40	85	27.708
-40	65	27.711
-40	45	27.714
-40	25	27.708
-40	5	27.712
-40	-15	27.734
-40	-35	27.756
-40	-55	27.758
-40	-75	27.759
-40	-95	27.757
-40	-115	27.755
-40	-135	27.755
-40	-155	27.753
-40	-175	27.757
-40	-195	27.753
-40	-215	27.759
-40	-235	27.762
-40	-255	27.763
-40	-275	27.764
-40	-295	27.765
-40	-315	27.767
-40	-335	27.773
-40	-355	27.792
-40	-375	27.796
-40	-395	27.797
-40	-415	27.792
-40	-435	27.781
-40	-455	27.775
-40	-475	27.768
-40	-495	27.759
-40	-515	27.757
-40	-535	27.754
-40	-555	27.762
-40	-575	27.763
-40	-595	27.75
-40	-615	27.757
-40	-635	27.765
-40	-655	27.762
-40	-675	27.767
-40	-695	27.77
-40	-715	27.774
-40	-735	27.77
-20	-735	27.753
-20	-715	27.755
-20	-695	27.749
-20	-675	27.746
-20	-655	27.747
-20	-635	27.744
-20	-615	27.731
-20	-595	27.731
-20	-575	27.742
-20	-555	27.745
-20	-535	27.75
-20	-515	27.755
-20	-495	27.759
-20	-475	27.764
-20	-455	27.764
-20	-435	27.772
-20	-415	27.778
-20	-395	27.777
-20	-375	27.775
-20	-355	27.766
-20	-335	27.752
-20	-315	27.749
-20	-295	27.749
-20	-275	27.752
-20	-255	27.748
-20	-235	27.748
-20	-215	27.744
-20	-195	27.742
-20	-175	27.742
-20	-155	27.74
-20	-135	27.74
-20	-115	27.736
-20	-95	27.736
-20	-75	27.736
-20	-55	27.739
-20	-35	27.732
-20	-15	27.709
-20	5	27.684
-20	25	27.676
-20	45	27.673
-20	65	27.664
-20	85	27.667
-20	105	27.676
-20	125	27.678
-20	145	27.687
-20	165	27.697
-20	185	27.7
-20	205	27.702
-20	225	27.703
-20	245	27.703
-20	265	27.703
-20	285	27.707
-20	305	27.702
-20	325	27.696
-20	345	27.703
-20	365	27.716
-20	385	27.713
-20	405	27.699
-20	425	27.687
-20	445	27.674
-20	465	27.658
-20	485	27.639
-20	505	27.643
-20	525	27.635
-20	545	27.636
-20	565	27.641
-20	585	27.64
-20	605	27.652
-20	625	27.668
-20	645	27.679
-20	665	27.687
-20	685	27.693
-20	705	27.693
-20	725	27.694
-20	745	27.699
0	745	27.663
0	725	27.654
0	705	27.652
0	685	27.654
0	665	27.653
0	645	27.65
0	625	27.642
0	605	27.635
0	585	27.632
0	565	27.632
0	545	27.624
0	525	27.627
0	505	27.633
0	485	27.633
0	465	27.655
0	445	27.669
0	425	27.68
0	405	27.69
0	385	27.707
0	365	27.712
0	345	27.7
0	325	27.691
0	305	27.69
0	285	27.69
0	265	27.692
0	245	27.692
0	225	27.69
0	205	27.687
0	185	27.685
0	165	27.684
0	145	27.678
0	125	27.667
0	105	27.668
0	85	27.661
0	65	27.654
0	45	27.655
0	25	27.658
0	5	27.668
0	-15	27.697
0	-35	27.723
0	-55	27.733
0	-75	27.738
0	-95	27.74
0	-115	27.742
0	-135	27.744
0	-155	27.745
0	-175	27.747
0	-195	27.749
0	-215	27.752
0	-235	27.755
0	-255	27.757
0	-275	27.757
0	-295	27.755
0	-315	27.755
0	-335	27.758
0	-355	27.773
0	-375	27.782
0	-395	27.778
0	-415	27.773
0	-435	27.769
0	-455	27.764
0	-475	27.757
0	-495	27.75
0	-515	27.746
0	-535	27.743
0	-555	27.738
0	-575	27.736
0	-595	27.73
0	-615	27.727
0	-635	27.737
0	-655	27.737
0	-675	27.729
0	-695	27.738
0	-715	27.747
0	-735	27.748
20	-735	27.771
20	-715	27.775
20	-695	27.775
20	-675	27.774
20	-655	27.779
20	-635	27.778
20	-615	27.763
20	-595	27.756
20	-575	27.762
20	-555	27.773
20	-535	27.78
20	-515	27.785
20	-495	27.789
20	-475	27.799
20	-455	27.812
20	-435	27.819
20	-415	27.826
20	-395	27.832
20	-375	27.833
20	-355	27.822
20	-335	27.809
20	-315	27.803
20	-295	27.804
20	-275	27.816
20	-255	27.82
20	-235	27.817
20	-215	27.813
20	-195	27.811
20	-175	27.811
20	-155	27.813
20	-135	27.818
20	-115	27.818
20	-95	27.81
20	-75	27.788
20	-55	27.772
20	-35	27.748
20	-15	27.705
20	5	27.668
20	25	27.663
20	45	27.669
20	65	27.677
20	85	27.686
20	105	27.689
20	125	27.692
20	145	27.697
20	165	27.704
20	185	27.707
20	205	27.712
20	225	27.716
20	245	27.717
20	265	27.708
20	285	27.7
20	305	27.703
20	325	27.708
20	345	27.716
20	365	27.722
20	385	27.719
20	405	27.705
20	425	27.698
20	445	27.691
20	465	27.679
20	485	27.669
20	505	27.663
20	525	27.656
20	545	27.651
20	565	27.643
20	585	27.635
20	605	27.636
20	625	27.643
20	645	27.648
20	665	27.651
20	685	27.649
20	705	27.643
20	725	27.646
20	745	27.654
40	745	27.66
40	725	27.659
40	705	27.658
40	685	27.659
40	665	27.657
40	645	27.649
40	625	27.638
40	605	27.626
40	585	27.628
40	565	27.632
40	545	27.638
40	525	27.646
40	505	27.655
40	485	27.664
40	465	27.679
40	445	27.695
40	425	27.711
40	405	27.721
40	385	27.73
40	365	27.735
40	345	27.734
40	325	27.727
40	305	27.721
40	285	27.714
40	265	27.725
40	245	27.731
40	225	27.722
40	205	27.727
40	185	27.724
40	165	27.718
40	145	27.714
40	125	27.711
40	105	27.701
40	85	27.703
40	65	27.698
40	45	27.688
40	25	27.679
40	5	27.682
40	-15	27.732
40	-35	27.787
40	-55	27.808
40	-75	27.824
40	-95	27.832
40	-115	27.844
40	-135	27.854
40	-155	27.854
40	-175	27.851
40	-195	27.862
40	-215	27.868
40	-235	27.873
40	-255	27.883
40	-275	27.882
40	-295	27.865
40	-315	27.858
40	-335	27.867
40	-355	27.882
40	-375	27.893
40	-395	27.889
40	-415	27.877
40	-435	27.865
40	-455	27.857
40	-475	27.843
40	-495	27.832
40	-515	27.829
40	-535	27.816
40	-555	27.809
40	-575	27.788
40	-595	27.783
40	-615	27.793
40	-635	27.819
40	-655	27.819
40	-675	27.812
40	-695	27.814
40	-715	27.808
40	-735	27.797
60	-735	27.809
60	-715	27.821
60	-695	27.828
60	-675	27.829
60	-655	27.829
60	-635	27.828
60	-615	27.815
60	-595	27.806
60	-575	27.808
60	-555	27.827
60	-535	27.837
60	-515	27.843
60	-495	27.849
60	-475	27.858
60	-455	27.859
60	-435	27.876
60	-415	27.891
60	-395	27.904
60	-375	27.918
60	-355	27.914
60	-335	27.899
60	-315	27.889
60	-295	27.887
60	-275	27.898
60	-255	27.889
60	-235	27.886
60	-215	27.878
60	-195	27.87
60	-175	27.859
60	-155	27.855
60	-135	27.828
60	-115	27.826
60	-95	27.836
60	-75	27.829
60	-55	27.821
60	-35	27.806
60	-15	27.752
60	5	27.692
60	25	27.686
60	45	27.699
60	65	27.7
60	85	27.709
60	105	27.71
60	125	27.72
60	145	27.716
60	165	27.718
60	185	27.721
60	205	27.724
60	225	27.719
60	245	27.716
60	265	27.729
60	285	27.727
60	305	27.731
60	325	27.732
60	345	27.74
60	365	27.739
60	385	27.733
60	405	27.725
60	425	27.713
60	445	27.689
60	465	27.668
60	485	27.671
60	505	27.657
60	525	27.631
60	545	27.619
60	565	27.635
60	585	27.624
60	605	27.601
60	625	27.613
60	645	27.655
60	665	27.662
60	685	27.662
60	705	27.666
60	725	27.668
60	745	27.667
80	745	27.669
80	725	27.672
80	705	27.666
80	685	27.66
80	665	27.657
80	645	27.662
80	625	27.617
80	605	27.613
80	585	27.642
80	565	27.664
80	545	27.637
80	525	27.644
80	505	27.676
80	485	27.688
80	465	27.688
80	445	27.701
80	425	27.713
80	405	27.72
80	385	27.731
80	365	27.735
80	345	27.73
80	325	27.725
80	305	27.73
80	285	27.726
80	265	27.725
80	245	27.72
80	225	27.723
80	205	27.722
80	185	27.721
80	165	27.718
80	145	27.71
80	125	27.715
80	105	27.712
80	85	27.711
80	65	27.704
80	45	27.704
80	25	27.679
80	5	27.688
80	-15	27.759
80	-35	27.815
80	-55	27.823
80	-75	27.821
80	-95	27.838
80	-115	27.841
80	-135	27.851
80	-155	27.856
80	-175	27.852
80	-195	27.866
80	-215	27.874
80	-235	27.882
80	-255	27.887
80	-275	27.896
80	-295	27.892
80	-315	27.894
80	-335	27.904
80	-355	27.916
80	-375	27.91
80	-395	27.887
80	-415	27.88
80	-435	27.878
80	-455	27.863
80	-475	27.859
80	-495	27.853
80	-515	27.848
80	-535	27.842
80	-555	27.838
80	-575	27.831
80	-595	27.826
80	-615	27.83
80	-635	27.835
80	-655	27.825
80	-675	27.813
80	-695	27.821
80	-715	27.82
80	-735	27.802
100	-735	27.802
100	-715	27.817
100	-695	27.82
100	-675	27.814
100	-655	27.824
100	-635	27.834
100	-615	27.835
100	-595	27.835
100	-575	27.838
100	-555	27.842
100	-535	27.842
100	-515	27.848
100	-495	27.855
100	-475	27.851
100	-455	27.858
100	-435	27.873
100	-415	27.874
100	-395	27.882
100	-375	27.899
100	-355	27.906
100	-335	27.896
100	-315	27.893
100	-295	27.896
100	-275	27.889
100	-255	27.883
100	-235	27.876
100	-215	27.87
100	-195	27.862
100	-175	27.857
100	-155	27.848
100	-135	27.839
100	-115	27.838
100	-95	27.837
100	-75	27.829
100	-55	27.82
100	-35	27.818
100	-15	27.759
100	5	27.694
100	25	27.696
100	45	27.704
100	65	27.708
100	85	27.711
100	105	27.712
100	125	27.711
100	145	27.706
100	165	27.714
100	185	27.711
100	205	27.716
100	225	27.713
100	245	27.721
100	265	27.719
100	285	27.725
100	305	27.721
100	325	27.723
100	345	27.729
100	365	27.731
100	385	27.723
100	405	27.714
100	425	27.71
100	445	27.703
100	465	27.69
100	485	27.69
100	505	27.679
100	525	27.663
100	545	27.632
100	565	27.656
100	585	27.658
100	605	27.647
100	625	27.619
100	645	27.656
100	665	27.651
100	685	27.655
100	705	27.664
100	725	27.668
100	745	27.664
120	745	27.659
120	725	27.667
120	705	27.662
120	685	27.654
120	665	27.653
120	645	27.656
120	625	27.632
120	605	27.656
120	585	27.656
120	565	27.657
120	545	27.628
120	525	27.651
120	505	27.669
120	485	27.672
120	465	27.681
120	445	27.697
120	425	27.71
120	405	27.715
120	385	27.72
120	365	27.729
120	345	27.728
120	325	27.719
120	305	27.712
120	285	27.722
120	265	27.718
120	245	27.719
120	225	27.716
120	205	27.717
120	185	27.715
120	165	27.713
120	145	27.712
120	125	27.712
120	105	27.712
120	85	27.712
120	65	27.712
120	45	27.707
120	25	27.7
120	5	27.69
120	-15	27.757
120	-35	27.817
120	-55	27.813
120	-75	27.829
120	-95	27.834
120	-115	27.837
120	-135	27.831
120	-155	27.833
120	-175	27.846
120	-195	27.863
120	-215	27.865
120	-235	27.872
120	-255	27.878
120	-275	27.883
120	-295	27.891
120	-315	27.893
120	-335	27.894
120	-355	27.9
120	-375	27.888
120	-395	27.882
120	-415	27.873
120	-435	27.863
120	-455	27.864
120	-475	27.862
120	-495	27.855
120	-515	27.847
120	-535	27.844
120	-555	27.843
120	-575	27.841
120	-595	27.839
120	-615	27.837
120	-635	27.834
120	-655	27.829
120	-675	27.822
120	-695	27.822
120	-715	27.823
120	-735	27.812
140	-735	27.808
140	-715	27.82
140	-695	27.823
140	-675	27.828
140	-655	27.832
140	-635	27.834
140	-615	27.837
140	-595	27.837
140	-575	27.838
140	-555	27.842
140	-535	27.834
140	-515	27.84
140	-495	27.851
140	-475	27.858
140	-455	27.862
140	-435	27.869
140	-415	27.876
140	-395	27.883
140	-375	27.889
140	-355	27.895
140	-335	27.887
140	-315	27.887
140	-295	27.883
140	-275	27.871
140	-255	27.873
140	-235	27.868
140	-215	27.856
140	-195	27.853
140	-175	27.79
140	-155	27.845
140	-135	27.839
140	-115	27.832
140	-95	27.823
140	-75	27.826
140	-55	27.824
140	-35	27.816
140	-15	27.752
140	5	27.687
140	25	27.701
140	45	27.71
140	65	27.711
140	85	27.715
140	105	27.711
140	125	27.706
140	145	27.711
140	165	27.707
140	185	27.71
140	205	27.71
140	225	27.71
140	245	27.713
140	265	27.716
140	285	27.718
140	305	27.722
140	325	27.718
140	345	27.728
140	365	27.723
140	385	27.718
140	405	27.714
140	425	27.703
140	445	27.688
140	465	27.668
140	485	27.652
140	505	27.642
140	525	27.628
140	545	27.616
140	565	27.626
140	585	27.622
140	605	27.628
140	625	27.625
140	645	27.646
140	665	27.656
140	685	27.656
140	705	27.661
140	725	27.663
140	745	27.663
160	745	27.662
160	725	27.657
160	705	27.661
160	685	27.664
160	665	27.661
160	645	27.659
160	625	27.637
160	605	27.658
160	585	27.658
160	565	27.66
160	545	27.638
160	525	27.651
160	505	27.675
160	485	27.683
160	465	27.684
160	445	27.699
160	425	27.71
160	405	27.711
160	385	27.722
160	365	27.723
160	345	27.728
160	325	27.72
160	305	27.709
160	285	27.716
160	265	27.713
160	245	27.695
160	225	27.707
160	205	27.711
160	185	27.712
160	165	27.711
160	145	27.713
160	125	27.713
160	105	27.712
160	85	27.717
160	65	27.717
160	45	27.717
160	25	27.712
160	5	27.705
160	-15	27.761
160	-35	27.82
160	-55	27.826
160	-75	27.829
160	-95	27.835
160	-115	27.836
160	-135	27.845
160	-155	27.848
160	-175	27.849
160	-195	27.855
160	-215	27.861
160	-235	27.866
160	-255	27.871
160	-275	27.876
160	-295	27.875
160	-315	27.884
160	-335	27.883
160	-355	27.892
160	-375	27.881
160	-395	27.882
160	-415	27.876
160	-435	27.871
160	-455	27.863
160	-475	27.861
160	-495	27.842
160	-515	27.849
160	-535	27.847
160	-555	27.844
160	-575	27.842
160	-595	27.837
160	-615	27.838
160	-635	27.836
160	-655	27.833
160	-675	27.83
160	-695	27.823
160	-715	27.819
160	-735	27.8
180	-735	27.798
180	-715	27.819
180	-695	27.827
180	-675	27.822
180	-655	27.833
180	-635	27.837
180	-615	27.838
180	-595	27.841
180	-575	27.839
180	-555	27.845
180	-535	27.846
180	-515	27.852
180	-495	27.857
180	-475	27.863
180	-455	27.863
180	-435	27.872
180	-415	27.876
180	-395	27.879
180	-375	27.882
180	-355	27.892
180	-335	27.88
180	-315	27.881
180	-295	27.877
180	-275	27.873
180	-255	27.871
180	-235	27.861
180	-215	27.859
180	-195	27.856
180	-175	27.848
180	-155	27.849
180	-135	27.846
180	-115	27.841
180	-95	27.838
180	-75	27.835
180	-55	27.832
180	-35	27.821
180	-15	27.766
180	5	27.717
180	25	27.719
180	45	27.721
180	65	27.72
180	85	27.718
180	105	27.702
180	125	27.713
180	145	27.707
180	165	27.709
180	185	27.703
180	205	27.707
180	225	27.709
180	245	27.71
180	265	27.715
180	285	27.699
180	305	27.668
180	325	27.718
180	345	27.726
180	365	27.724
180	385	27.717
180	405	27.714
180	425	27.707
180	445	27.683
180	465	27.68
180	485	27.682
180	505	27.674
180	525	27.653
180	545	27.637
180	565	27.658
180	585	27.657
180	605	27.654
180	625	27.636
180	645	27.657
180	665	27.66
180	685	27.658
180	705	27.658
180	725	27.663
180	745	27.662
200	745	27.664
200	725	27.667
200	705	27.661
200	685	27.662
200	665	27.66
200	645	27.659
200	625	27.638
200	605	27.657
200	585	27.657
200	565	27.658
200	545	27.634
200	525	27.658
200	505	27.672
200	485	27.682
200	465	27.682
200	445	27.692
200	425	27.707
200	405	27.711
200	385	27.714
200	365	27.721
200	345	27.723
200	325	27.709
200	305	27.706
200	285	27.704
200	265	27.712
200	245	27.708
200	225	27.705
200	205	27.704
200	185	27.706
200	165	27.708
200	145	27.709
200	125	27.715
200	105	27.715
200	85	27.719
200	65	27.723
200	45	27.727
200	25	27.726
200	5	27.724
200	-15	27.773
200	-35	27.825
200	-55	27.835
200	-75	27.837
200	-95	27.836
200	-115	27.843
200	-135	27.845
200	-155	27.848
200	-175	27.849
200	-195	27.854
200	-215	27.858
200	-235	27.866
200	-255	27.869
200	-275	27.871
200	-295	27.869
200	-315	27.875
200	-335	27.879
200	-355	27.891
200	-375	27.882
200	-395	27.883
200	-415	27.877
200	-435	27.873
200	-455	27.863
200	-475	27.863
200	-495	27.858
200	-515	27.848
200	-535	27.846
200	-555	27.844
200	-575	27.843
200	-595	27.841
200	-615	27.839
200	-635	27.836
200	-655	27.833
200	-675	27.83
200	-695	27.829
200	-715	27.819
200	-735	27.802
220	-735	27.808
220	-715	27.823
220	-695	27.824
220	-675	27.826
220	-655	27.828
220	-635	27.833
220	-615	27.832
220	-595	27.834
220	-575	27.838
220	-555	27.817
220	-535	27.842
220	-515	27.85
220	-495	27.855
220	-475	27.863
220	-455	27.864
220	-435	27.868
220	-415	27.876
220	-395	27.877
220	-375	27.858
220	-355	27.892
220	-335	27.878
220	-315	27.878
220	-295	27.871
220	-275	27.861
220	-255	27.867
220	-235	27.86
220	-215	27.847
220	-195	27.844
220	-175	27.842
220	-155	27.839
220	-135	27.842
220	-115	27.832
220	-95	27.822
220	-75	27.837
220	-55	27.832
220	-35	27.815
220	-15	27.776
220	5	27.729
220	25	27.734
220	45	27.727
220	65	27.724
220	85	27.72
220	105	27.712
220	125	27.71
220	145	27.705
220	165	27.697
220	185	27.698
220	205	27.698
220	225	27.699
220	245	27.699
220	265	27.698
220	285	27.703
220	305	27.704
220	325	27.711
220	345	27.716
220	365	27.716
220	385	27.711
220	405	27.703
220	425	27.693
220	445	27.678
220	465	27.662
220	485	27.644
220	505	27.637
220	525	27.623
220	545	27.617
220	565	27.609
220	585	27.611
220	605	27.619
220	625	27.627
220	645	27.631
220	665	27.651
220	685	27.655
220	705	27.657
220	725	27.667
220	745	27.662
240	745	27.658
240	725	27.663
240	705	27.659
240	685	27.661
240	665	27.658
240	645	27.654
240	625	27.635
240	605	27.655
240	585	27.611
240	565	27.658
240	545	27.645
240	525	27.653
240	505	27.673
240	485	27.679
240	465	27.681
240	445	27.689
240	425	27.698
240	405	27.706
240	385	27.708
240	365	27.711
240	345	27.676
240	325	27.672
240	305	27.675
240	285	27.699
240	265	27.702
240	245	27.701
240	225	27.701
240	205	27.702
240	185	27.68
240	165	27.706
240	145	27.709
240	125	27.715
240	105	27.712
240	85	27.726
240	65	27.731
240	45	27.732
240	25	27.74
240	5	27.739
240	-15	27.787
240	-35	27.833
240	-55	27.842
240	-75	27.844
240	-95	27.837
240	-115	27.847
240	-135	27.842
240	-155	27.848
240	-175	27.851
240	-195	27.857
240	-215	27.862
240	-235	27.856
240	-255	27.844
240	-275	27.873
240	-295	27.874
240	-315	27.875
240	-335	27.876
240	-355	27.893
240	-375	27.873
240	-395	27.881
240	-415	27.88
240	-435	27.876
240	-455	27.869
240	-475	27.868
240	-495	27.863
240	-515	27.856
240	-535	27.851
240	-555	27.842
240	-575	27.846
240	-595	27.842
240	-615	27.839
240	-635	27.833
240	-655	27.827
240	-675	27.827
240	-695	27.828
240	-715	27.819
240	-735	27.811
260	-735	27.81
260	-715	27.817
260	-695	27.823
260	-675	27.827
260	-655	27.829
260	-635	27.833
260	-615	27.838
260	-595	27.837
260	-575	27.847
260	-555	27.851
260	-535	27.854
260	-515	27.859
260	-495	27.863
260	-475	27.87
260	-455	27.871
260	-435	27.879
260	-415	27.884
260	-395	27.883
260	-375	27.89
260	-355	27.889
260	-335	27.877
260	-315	27.878
260	-295	27.862
260	-275	27.874
260	-255	27.873
260	-235	27.859
260	-215	27.862
260	-195	27.861
260	-175	27.853
260	-155	27.856
260	-135	27.853
260	-115	27.849
260	-95	27.844
260	-75	27.847
260	-55	27.845
260	-35	27.84
260	-15	27.796
260	5	27.741
260	25	27.739
260	45	27.736
260	65	27.728
260	85	27.725
260	105	27.717
260	125	27.712
260	145	27.708
260	165	27.703
260	185	27.703
260	205	27.7
260	225	27.7
260	245	27.702
260	265	27.703
260	285	27.7
260	305	27.681
260	325	27.664
260	345	27.664
260	365	27.704
260	385	27.706
260	405	27.7
260	425	27.692
260	445	27.687
260	465	27.682
260	485	27.672
260	505	27.672
260	525	27.658
260	545	27.64
260	565	27.658
260	585	27.652
260	605	27.653
260	625	27.637
260	645	27.656
260	665	27.658
260	685	27.659
260	705	27.656
260	725	27.664
260	745	27.654
280	745	27.657
280	725	27.662
280	705	27.654
280	685	27.658
280	665	27.655
280	645	27.654
280	625	27.642
280	605	27.657
280	585	27.657
280	565	27.659
280	545	27.645
280	525	27.663
280	505	27.671
280	485	27.674
280	465	27.678
280	445	27.686
280	425	27.692
280	405	27.697
280	385	27.699
280	365	27.707
280	345	27.694
280	325	27.69
280	305	27.7
280	285	27.702
280	265	27.702
280	245	27.7
280	225	27.698
280	205	27.698
280	185	27.696
280	165	27.705
280	145	27.709
280	125	27.711
280	105	27.716
280	85	27.727
280	65	27.732
280	45	27.738
280	25	27.743
280	5	27.748
280	-15	27.804
280	-35	27.845
280	-55	27.848
280	-75	27.848
280	-95	27.849
280	-115	27.851
280	-135	27.854
280	-155	27.859
280	-175	27.856
280	-195	27.861
280	-215	27.866
280	-235	27.869
280	-255	27.873
280	-275	27.865
280	-295	27.873
280	-315	27.876
280	-335	27.876
280	-355	27.889
280	-375	27.89
280	-395	27.885
280	-415	27.878
280	-435	27.882
280	-455	27.872
280	-475	27.873
280	-495	27.867
280	-515	27.86
280	-535	27.856
280	-555	27.852
280	-575	27.846
280	-595	27.841
280	-615	27.838
280	-635	27.828
280	-655	27.827
280	-675	27.821
280	-695	27.82
280	-715	27.816
280	-735	27.806
300	-735	27.8
300	-715	27.809
300	-695	27.814
300	-675	27.814
300	-655	27.819
300	-635	27.826
300	-615	27.837
300	-595	27.842
300	-575	27.847
300	-555	27.849
300	-535	27.857
300	-515	27.862
300	-495	27.864
300	-475	27.874
300	-455	27.876
300	-435	27.881
300	-415	27.887
300	-395	27.888
300	-375	27.891
300	-355	27.892
300	-335	27.878
300	-315	27.871
300	-295	27.865
300	-275	27.867
300	-255	27.876
300	-235	27.871
300	-215	27.863
300	-195	27.855
300	-175	27.849
300	-155	27.858
300	-135	27.856
300	-115	27.857
300	-95	27.853
300	-75	27.851
300	-55	27.842
300	-35	27.845
300	-15	27.81
300	5	27.752
300	25	27.748
300	45	27.738
300	65	27.73
300	85	27.723
300	105	27.714
300	125	27.708
300	145	27.705
300	165	27.7
300	185	27.699
300	205	27.697
300	225	27.695
300	245	27.695
300	265	27.696
300	285	27.697
300	305	27.699
300	325	27.694
300	345	27.697
300	365	27.702
300	385	27.695
300	405	27.691
300	425	27.687
300	445	27.679
300	465	27.666
300	485	27.654
300	505	27.644
300	525	27.634
300	545	27.617
300	565	27.627
300	585	27.628
300	605	27.633
300	625	27.634
300	645	27.648
300	665	27.65
300	685	27.65
300	705	27.654
300	725	27.658
300	745	27.65
320	745	27.638
320	725	27.648
320	705	27.654
320	685	27.654
320	665	27.655
320	645	27.656
320	625	27.637
320	605	27.654
320	585	27.657
320	565	27.658
320	545	27.634
320	525	27.65
320	505	27.667
320	485	27.671
320	465	27.669
320	445	27.682
320	425	27.687
320	405	27.692
320	385	27.696
320	365	27.701
320	345	27.698
320	325	27.692
320	305	27.69
320	285	27.697
320	265	27.688
320	245	27.696
320	225	27.697
320	205	27.699
320	185	27.696
320	165	27.699
320	145	27.699
320	125	27.703
320	105	27.714
320	85	27.7
320	65	27.734
320	45	27.744
320	25	27.75
320	5	27.758
320	-15	27.815
320	-35	27.859
320	-55	27.859
320	-75	27.859
320	-95	27.857
320	-115	27.857
320	-135	27.863
320	-155	27.867
320	-175	27.863
320	-195	27.864
320	-215	27.873
320	-235	27.878
320	-255	27.879
320	-275	27.881
320	-295	27.883
320	-315	27.881
320	-335	27.882
320	-355	27.893
320	-375	27.893
320	-395	27.892
320	-415	27.888
320	-435	27.887
320	-455	27.882
320	-475	27.876
320	-495	27.874
320	-515	27.868
320	-535	27.86
320	-555	27.858
320	-575	27.852
320	-595	27.831
320	-615	27.837
320	-635	27.832
320	-655	27.823
320	-675	27.813
320	-695	27.813
320	-715	27.81
320	-735	27.801
340	-735	27.808
340	-715	27.813
340	-695	27.809
340	-675	27.806
340	-655	27.822
340	-635	27.836
340	-615	27.834
340	-595	27.847
340	-575	27.858
340	-555	27.86
340	-535	27.865
340	-515	27.872
340	-495	27.879
340	-475	27.883
340	-455	27.886
340	-435	27.887
340	-415	27.884
340	-395	27.889
340	-375	27.895
340	-355	27.89
340	-335	27.885
340	-315	27.888
340	-295	27.888
340	-275	27.884
340	-255	27.885
340	-235	27.872
340	-215	27.878
340	-195	27.872
340	-175	27.869
340	-155	27.865
340	-135	27.863
340	-115	27.863
340	-95	27.866
340	-75	27.863
340	-55	27.863
340	-35	27.864
340	-15	27.819
340	5	27.761
340	25	27.753
340	45	27.746
340	65	27.738
340	85	27.729
340	105	27.717
340	125	27.691
340	145	27.689
340	165	27.701
340	185	27.7
340	205	27.698
340	225	27.698
340	245	27.697
340	265	27.697
340	285	27.694
340	305	27.693
340	325	27.694
340	345	27.698
340	365	27.697
340	385	27.684
340	405	27.678
340	425	27.679
340	445	27.679
340	465	27.674
340	485	27.669
340	505	27.658
340	525	27.655
340	545	27.636
340	565	27.661
340	585	27.66
340	605	27.658
340	625	27.642
340	645	27.654
340	665	27.65
340	685	27.652
340	705	27.655
340	725	27.657
340	745	27.64
360	745	27.657
360	725	27.663
360	705	27.655
360	685	27.649
360	665	27.648
360	645	27.652
360	625	27.638
360	605	27.658
360	585	27.66
360	565	27.662
360	545	27.634
360	525	27.66
360	505	27.642
360	485	27.656
360	465	27.674
360	445	27.678
360	425	27.667
360	405	27.671
360	385	27.682
360	365	27.692
360	345	27.695
360	325	27.692
360	305	27.695
360	285	27.695
360	265	27.694
360	245	27.694
360	225	27.695
360	205	27.698
360	185	27.698
360	165	27.699
360	145	27.688
360	125	27.692
360	105	27.716
360	85	27.728
360	65	27.738
360	45	27.748
360	25	27.758
360	5	27.767
360	-15	27.819
360	-35	27.867
360	-55	27.871
360	-75	27.864
360	-95	27.868
360	-115	27.865
360	-135	27.866
360	-155	27.871
360	-175	27.874
360	-195	27.879
360	-215	27.878
360	-235	27.879
360	-255	27.89
360	-275	27.891
360	-295	27.893
360	-315	27.89
360	-335	27.889
360	-355	27.898
360	-375	27.899
360	-395	27.892
360	-415	27.883
360	-435	27.889
360	-455	27.888
360	-475	27.884
360	-495	27.883
360	-515	27.875
360	-535	27.862
360	-555	27.864
360	-575	27.826
360	-595	27.853
360	-615	27.847
360	-635	27.839
360	-655	27.829
360	-675	27.817
360	-695	27.813
360	-715	27.821
360	-735	27.816
380	-735	27.819
380	-715	27.831
380	-695	27.833
380	-675	27.835
380	-655	27.841
380	-635	27.846
380	-615	27.844
380	-595	27.852
380	-575	27.854
380	-555	27.87
380	-535	27.868
380	-515	27.878
380	-495	27.881
380	-475	27.891
380	-455	27.892
380	-435	27.896
380	-415	27.893
380	-395	27.904
380	-375	27.907
380	-355	27.908
380	-335	27.891
380	-315	27.893
380	-295	27.898
380	-275	27.892
380	-255	27.894
380	-235	27.892
380	-215	27.885
380	-195	27.876
380	-175	27.877
380	-155	27.878
380	-135	27.877
380	-115	27.876
380	-95	27.877
380	-75	27.877
380	-55	27.878
380	-35	27.87
380	-15	27.811
380	5	27.762
380	25	27.757
380	45	27.75
380	65	27.736
380	85	27.729
380	105	27.716
380	125	27.701
380	145	27.694
380	165	27.698
380	185	27.697
380	205	27.696
380	225	27.693
380	245	27.692
380	265	27.692
380	285	27.691
380	305	27.689
380	325	27.691
380	345	27.691
380	365	27.69
380	385	27.684
380	405	27.676
380	425	27.671
380	445	27.667
380	465	27.657
380	485	27.659
380	505	27.65
380	525	27.637
380	545	27.615
380	565	27.64
380	585	27.638
380	605	27.638
380	625	27.628
380	645	27.649
380	665	27.65
380	685	27.65
380	705	27.656
380	725	27.664
380	745	27.666
400	745	27.666
400	725	27.663
400	705	27.658
400	685	27.653
400	665	27.653
400	645	27.648
400	625	27.645
400	605	27.642
400	585	27.64
400	565	27.642
400	545	27.629
400	525	27.638
400	505	27.65
400	485	27.658
400	465	27.668
400	445	27.674
400	425	27.679
400	405	27.677
400	385	27.685
400	365	27.687
400	345	27.686
400	325	27.679
400	305	27.677
400	285	27.682
400	265	27.685
400	245	27.686
400	225	27.687
400	205	27.691
400	185	27.697
400	165	27.699
400	145	27.704
400	125	27.708
400	105	27.717
400	85	27.723
400	65	27.735
400	45	27.749
400	25	27.752
400	5	27.751
400	-15	27.798
400	-35	27.856
400	-55	27.883
400	-75	27.882
400	-95	27.884
400	-115	27.883
400	-135	27.884
400	-155	27.888
400	-175	27.883
400	-195	27.876
400	-215	27.887
400	-235	27.896
400	-255	27.901
400	-275	27.898
400	-295	27.901
400	-315	27.894
400	-335	27.882
400	-355	27.907
400	-375	27.9
400	-395	27.908
400	-415	27.905
400	-435	27.901
400	-455	27.897
400	-475	27.893
400	-495	27.89
400	-515	27.883
400	-535	27.877
400	-555	27.873
400	-575	27.868
400	-595	27.859
400	-615	27.849
400	-635	27.857
400	-655	27.851
400	-675	27.846
400	-695	27.841
400	-715	27.825
400	-735	27.803
420	-735	27.787
420	-715	27.817
420	-695	27.834
420	-675	27.844
420	-655	27.856
420	-635	27.86
420	-615	27.848
420	-595	27.865
420	-575	27.873
420	-555	27.873
420	-535	27.881
420	-515	27.884
420	-495	27.889
420	-475	27.894
420	-455	27.898
420	-435	27.903
420	-415	27.904
420	-395	27.909
420	-375	27.911
420	-355	27.907
420	-335	27.888
420	-315	27.894
420	-295	27.89
420	-275	27.901
420	-255	27.904
420	-235	27.901
420	-215	27.9
420	-195	27.898
420	-175	27.891
420	-155	27.895
420	-135	27.893
420	-115	27.891
420	-95	27.888
420	-75	27.888
420	-55	27.882
420	-35	27.845
420	-15	27.792
420	5	27.752
420	25	27.744
420	45	27.737
420	65	27.703
420	85	27.683
420	105	27.7
420	125	27.708
420	145	27.703
420	165	27.7
420	185	27.695
420	205	27.689
420	225	27.683
420	245	27.678
420	265	27.671
420	285	27.649
420	305	27.646
420	325	27.637
420	345	27.66
420	365	27.681
420	385	27.679
420	405	27.678
420	425	27.673
420	445	27.677
420	465	27.673
420	485	27.669
420	505	27.664
420	525	27.66
420	545	27.657
420	565	27.655
420	585	27.652
420	605	27.654
420	625	27.651
420	645	27.649
420	665	27.649
420	685	27.649
420	705	27.649
420	725	27.652
420	745	27.657
440	745	27.644
440	725	27.641
440	705	27.638
440	685	27.641
440	665	27.645
440	645	27.645
440	625	27.648
440	605	27.65
440	585	27.649
440	565	27.65
440	545	27.648
440	525	27.656
440	505	27.659
440	485	27.663
440	465	27.669
440	445	27.67
440	425	27.672
440	405	27.669
440	385	27.674
440	365	27.665
440	345	27.618
440	325	27.587
440	305	27.611
440	285	27.627
440	265	27.648
440	245	27.667
440	225	27.675
440	205	27.687
440	185	27.692
440	165	27.694
440	145	27.702
440	125	27.704
440	105	27.679
440	85	27.617
440	65	27.654
440	45	27.719
440	25	27.74
440	5	27.753
440	-15	27.794
440	-35	27.845
440	-55	27.881
440	-75	27.894
440	-95	27.895
440	-115	27.898
440	-135	27.901
440	-155	27.901
440	-175	27.893
440	-195	27.902
440	-215	27.903
440	-235	27.906
440	-255	27.911
440	-275	27.905
440	-295	27.907
440	-315	27.906
440	-335	27.901
440	-355	27.908
440	-375	27.905
440	-395	27.907
440	-415	27.904
440	-435	27.901
440	-455	27.899
440	-475	27.892
440	-495	27.888
440	-515	27.878
440	-535	27.878
440	-555	27.873
440	-575	27.866
440	-595	27.868
440	-615	27.861
440	-635	27.851
440	-655	27.844
440	-675	27.848
440	-695	27.841
440	-715	27.82
440	-735	27.789
460	-735	27.797
460	-715	27.826
460	-695	27.843
460	-675	27.843
460	-655	27.839
460	-635	27.843
460	-615	27.849
460	-595	27.843
460	-575	27.82
460	-555	27.856
460	-535	27.859
460	-515	27.862
460	-495	27.868
460	-475	27.873
460	-455	27.878
460	-435	27.882
460	-415	27.885
460	-395	27.894
460	-375	27.897
460	-355	27.899
460	-335	27.899
460	-315	27.904
460	-295	27.906
460	-275	27.9
460	-255	27.912
460	-235	27.913
460	-215	27.91
460	-195	27.91
460	-175	27.907
460	-155	27.893
460	-135	27.901
460	-115	27.902
460	-95	27.899
460	-75	27.896
460	-55	27.883
460	-35	27.857
460	-15	27.802
460	5	27.753
460	25	27.741
460	45	27.724
460	65	27.682
460	85	27.66
460	105	27.701
460	125	27.711
460	145	27.7
460	165	27.699
460	185	27.694
460	205	27.686
460	225	27.674
460	245	27.658
460	265	27.634
460	285	27.602
460	305	27.57
460	325	27.534
460	345	27.586
460	365	27.661
460	385	27.67
460	405	27.672
460	425	27.672
460	445	27.668
460	465	27.663
460	485	27.661
460	505	27.655
460	525	27.651
460	545	27.647
460	565	27.644
460	585	27.644
460	605	27.643
460	625	27.638
460	645	27.637
460	665	27.639
460	685	27.639
460	705	27.639
460	725	27.643
460	745	27.649
480	745	27.675
480	725	27.674
480	705	27.662
480	685	27.662
480	665	27.661
480	645	27.661
480	625	27.658
480	605	27.663
480	585	27.664
480	565	27.67
480	545	27.663
480	525	27.672
480	505	27.676
480	485	27.679
480	465	27.682
480	445	27.688
480	425	27.693
480	405	27.694
480	385	27.694
480	365	27.695
480	345	27.672
480	325	27.64
480	305	27.642
480	285	27.671
480	265	27.692
480	245	27.689
480	225	27.689
480	205	27.685
480	185	27.687
480	165	27.686
480	145	27.694
480	125	27.708
480	105	27.714
480	85	27.728
480	65	27.733
480	45	27.742
480	25	27.749
480	5	27.759
480	-15	27.813
480	-35	27.874
480	-55	27.891
480	-75	27.887
480	-95	27.895
480	-115	27.894
480	-135	27.898
480	-155	27.906
480	-175	27.899
480	-195	27.915
480	-215	27.916
480	-235	27.921
480	-255	27.916
480	-275	27.915
480	-295	27.904
480	-315	27.908
480	-335	27.907
480	-355	27.905
480	-375	27.898
480	-395	27.895
480	-415	27.888
480	-435	27.885
480	-455	27.874
480	-475	27.874
480	-495	27.871
480	-515	27.866
480	-535	27.857
480	-555	27.863
480	-575	27.835
480	-595	27.857
480	-615	27.851
480	-635	27.849
480	-655	27.848
480	-675	27.85
480	-695	27.854
480	-715	27.84
480	-735	27.807
500	-735	27.834
500	-715	27.86
500	-695	27.867
500	-675	27.864
500	-655	27.866
500	-635	27.867
500	-615	27.869
500	-595	27.873
500	-575	27.875
500	-555	27.875
500	-535	27.878
500	-515	27.879
500	-495	27.882
500	-475	27.889
500	-455	27.889
500	-435	27.896
500	-415	27.898
500	-395	27.905
500	-375	27.905
500	-355	27.913
500	-335	27.915
500	-315	27.919
500	-295	27.918
500	-275	27.93
500	-255	27.929
500	-235	27.93
500	-215	27.927
500	-195	27.924
500	-175	27.915
500	-155	27.919
500	-135	27.912
500	-115	27.918
500	-95	27.918
500	-75	27.911
500	-55	27.918
500	-35	27.908
500	-15	27.826
500	5	27.756
500	25	27.754
500	45	27.75
500	65	27.746
500	85	27.743
500	105	27.718
500	125	27.729
500	145	27.724
500	165	27.714
500	185	27.714
500	205	27.714
500	225	27.713
500	245	27.713
500	265	27.709
500	285	27.706
500	305	27.705
500	325	27.706
500	345	27.71
500	365	27.707
500	385	27.704
500	405	27.698
500	425	27.694
500	445	27.692
500	465	27.688
500	485	27.682
500	505	27.674
500	525	27.676
500	545	27.666
500	565	27.671
500	585	27.668
500	605	27.667
500	625	27.656
500	645	27.661
500	665	27.663
500	685	27.668
500	705	27.664
500	725	27.676
500	745	27.677
520	745	27.673
520	725	27.673
520	705	27.663
520	685	27.666
520	665	27.664
520	645	27.662
520	625	27.655
520	605	27.666
520	585	27.667
520	565	27.67
520	545	27.666
520	525	27.676
520	505	27.674
520	485	27.683
520	465	27.685
520	445	27.688
520	425	27.701
520	405	27.702
520	385	27.705
520	365	27.706
520	345	27.709
520	325	27.71
520	305	27.72
520	285	27.716
520	265	27.706
520	245	27.716
520	225	27.719
520	205	27.72
520	185	27.723
520	165	27.724
520	145	27.731
520	125	27.736
520	105	27.727
520	85	27.743
520	65	27.738
520	45	27.749
520	25	27.75
520	5	27.753
520	-15	27.833
520	-35	27.914
520	-55	27.922
520	-75	27.922
520	-95	27.923
520	-115	27.919
520	-135	27.924
520	-155	27.917
520	-175	27.921
520	-195	27.925
520	-215	27.93
520	-235	27.931
520	-255	27.929
520	-275	27.905
520	-295	27.928
520	-315	27.908
520	-335	27.917
520	-355	27.917
520	-375	27.908
520	-395	27.908
520	-415	27.904
520	-435	27.901
520	-455	27.895
520	-475	27.895
520	-495	27.887
520	-515	27.889
520	-535	27.886
520	-555	27.885
520	-575	27.884
520	-595	27.88
520	-615	27.877
520	-635	27.874
520	-655	27.873
520	-675	27.871
520	-695	27.873
520	-715	27.866
520	-735	27.85
540	-735	27.855
540	-715	27.869
540	-695	27.877
540	-675	27.877
540	-655	27.873
540	-635	27.878
540	-615	27.881
540	-595	27.885
540	-575	27.888
540	-555	27.891
540	-535	27.89
540	-515	27.893
540	-495	27.898
540	-475	27.898
540	-455	27.899
540	-435	27.902
540	-415	27.908
540	-395	27.912
540	-375	27.909
540	-355	27.918
540	-335	27.92
540	-315	27.927
540	-295	27.934
540	-275	27.936
540	-255	27.937
540	-235	27.932
540	-215	27.933
540	-195	27.93
540	-175	27.924
540	-155	27.927
540	-135	27.928
540	-115	27.926
540	-95	27.926
540	-75	27.923
540	-55	27.919
540	-35	27.917
540	-15	27.832
540	5	27.748
540	25	27.746
540	45	27.743
540	65	27.744
540	85	27.74
540	105	27.722
540	125	27.735
540	145	27.733
540	165	27.722
540	185	27.726
540	205	27.724
540	225	27.724
540	245	27.721
540	265	27.72
540	285	27.718
540	305	27.714
540	325	27.712
540	345	27.715
540	365	27.713
540	385	27.709
540	405	27.703
540	425	27.696
540	445	27.695
540	465	27.689
540	485	27.677
540	505	27.68
540	525	27.678
540	545	27.661
540	565	27.671
540	585	27.668
540	605	27.664
540	625	27.656
540	645	27.663
540	665	27.666
540	685	27.669
540	705	27.666
540	725	27.675
540	745	27.68
560	745	27.678
560	725	27.676
560	705	27.666
560	685	27.669
560	665	27.669
560	645	27.667
560	625	27.66
560	605	27.667
560	585	27.671
560	565	27.674
560	545	27.669
560	525	27.673
560	505	27.683
560	485	27.688
560	465	27.693
560	445	27.703
560	425	27.699
560	405	27.684
560	385	27.712
560	365	27.712
560	345	27.708
560	325	27.712
560	305	27.722
560	285	27.723
560	265	27.727
560	245	27.728
560	225	27.728
560	205	27.731
560	185	27.728
560	165	27.727
560	145	27.732
560	125	27.738
560	105	27.73
560	85	27.734
560	65	27.743
560	45	27.739
560	25	27.741
560	5	27.744
560	-15	27.829
560	-35	27.918
560	-55	27.922
560	-75	27.922
560	-95	27.922
560	-115	27.926
560	-135	27.926
560	-155	27.929
560	-175	27.91
560	-195	27.931
560	-215	27.933
560	-235	27.937
560	-255	27.901
560	-275	27.936
560	-295	27.934
560	-315	27.927
560	-335	27.93
560	-355	27.921
560	-375	27.914
560	-395	27.912
560	-415	27.908
560	-435	27.906
560	-455	27.901
560	-475	27.901
560	-495	27.898
560	-515	27.893
560	-535	27.892
560	-555	27.894
560	-575	27.891
560	-595	27.887
560	-615	27.882
560	-635	27.881
560	-655	27.879
560	-675	27.877
560	-695	27.876
560	-715	27.857
560	-735	27.866
580	-735	27.865
580	-715	27.85
580	-695	27.875
580	-675	27.874
580	-655	27.874
580	-635	27.878
580	-615	27.877
580	-595	27.885
580	-575	27.888
580	-555	27.888
580	-535	27.881
580	-515	27.893
580	-495	27.898
580	-475	27.901
580	-455	27.902
580	-435	27.905
580	-415	27.906
580	-395	27.912
580	-375	27.918
580	-355	27.922
580	-335	27.921
580	-315	27.928
580	-295	27.937
580	-275	27.932
580	-255	27.933
580	-235	27.933
580	-215	27.931
580	-195	27.929
580	-175	27.925
580	-155	27.924
580	-135	27.913
580	-115	27.919
580	-95	27.92
580	-75	27.919
580	-55	27.92
580	-35	27.916
580	-15	27.825
580	5	27.738
580	25	27.74
580	45	27.715
580	65	27.731
580	85	27.727
580	105	27.724
580	125	27.723
580	145	27.72
580	165	27.723
580	185	27.722
580	205	27.723
580	225	27.723
580	245	27.724
580	265	27.721
580	285	27.712
580	305	27.707
580	325	27.707
580	345	27.704
580	365	27.72
580	385	27.709
580	405	27.706
580	425	27.704
580	445	27.698
580	465	27.69
580	485	27.688
580	505	27.68
580	525	27.673
580	545	27.666
580	565	27.662
580	585	27.66
580	605	27.661
580	625	27.659
580	645	27.658
580	665	27.66
580	685	27.664
580	705	27.668
580	725	27.677
580	745	27.662
600	745	27.655
600	725	27.678
600	705	27.678
600	685	27.673
600	665	27.672
600	645	27.674
600	625	27.667
600	605	27.679
600	585	27.681
600	565	27.683
600	545	27.672
600	525	27.677
600	505	27.695
600	485	27.699
600	465	27.696
600	445	27.71
600	425	27.714
600	405	27.714
600	385	27.716
600	365	27.723
600	345	27.723
600	325	27.713
600	305	27.723
600	285	27.731
600	265	27.734
600	245	27.733
600	225	27.725
600	205	27.737
600	185	27.733
600	165	27.727
600	145	27.72
600	125	27.72
600	105	27.726
600	85	27.738
600	65	27.737
600	45	27.724
600	25	27.736
600	5	27.737
600	-15	27.824
600	-35	27.913
600	-55	27.93
600	-75	27.927
600	-95	27.924
600	-115	27.911
600	-135	27.905
600	-155	27.918
600	-175	27.924
600	-195	27.926
600	-215	27.932
600	-235	27.932
600	-255	27.935
600	-275	27.93
600	-295	27.905
600	-315	27.933
600	-335	27.924
600	-355	27.924
600	-375	27.92
600	-395	27.903
600	-415	27.902
600	-435	27.909
600	-455	27.908
600	-475	27.908
600	-495	27.904
600	-515	27.901
600	-535	27.895
600	-555	27.894
600	-575	27.894
600	-595	27.883
600	-615	27.887
600	-635	27.883
600	-655	27.875
600	-675	27.871
600	-695	27.875
600	-715	27.877
600	-735	27.858
620	-735	27.863
620	-715	27.88
620	-695	27.877
620	-675	27.875
620	-655	27.876
620	-635	27.881
620	-615	27.887
620	-595	27.888
620	-575	27.893
620	-555	27.894
620	-535	27.88
620	-515	27.899
620	-495	27.905
620	-475	27.909
620	-455	27.91
620	-435	27.906
620	-415	27.901
620	-395	27.906
620	-375	27.924
620	-355	27.927
620	-335	27.922
620	-315	27.926
620	-295	27.93
620	-275	27.933
620	-255	27.935
620	-235	27.932
620	-215	27.93
620	-195	27.928
620	-175	27.926
620	-155	27.918
620	-135	27.907
620	-115	27.908
620	-95	27.913
620	-75	27.922
620	-55	27.924
620	-35	27.914
620	-15	27.826
620	5	27.739
620	25	27.736
620	45	27.74
620	65	27.738
620	85	27.738
620	105	27.729
620	125	27.725
620	145	27.725
620	165	27.732
620	185	27.737
620	205	27.733
620	225	27.735
620	245	27.74
620	265	27.736
620	285	27.736
620	305	27.731
620	325	27.717
620	345	27.723
620	365	27.724
620	385	27.718
620	405	27.714
620	425	27.713
620	445	27.713
620	465	27.702
620	485	27.703
620	505	27.697
620	525	27.69
620	545	27.682
620	565	27.684
620	585	27.68
620	605	27.682
620	625	27.673
620	645	27.677
620	665	27.678
620	685	27.679
620	705	27.683
620	725	27.677
620	745	27.658
640	745	27.665
640	725	27.685
640	705	27.684
640	685	27.685
640	665	27.683
640	645	27.681
640	625	27.674
640	605	27.678
640	585	27.686
640	565	27.685
640	545	27.683
640	525	27.694
640	505	27.698
640	485	27.706
640	465	27.695
640	445	27.715
640	425	27.714
640	405	27.72
640	385	27.721
640	365	27.734
640	345	27.734
640	325	27.717
640	305	27.731
640	285	27.738
640	265	27.737
640	245	27.74
640	225	27.738
640	205	27.738
640	185	27.737
640	165	27.734
640	145	27.731
640	125	27.732
640	105	27.73
640	85	27.741
640	65	27.738
640	45	27.739
640	25	27.738
640	5	27.742
640	-15	27.829
640	-35	27.919
640	-55	27.924
640	-75	27.926
640	-95	27.919
640	-115	27.915
640	-135	27.921
640	-155	27.922
640	-175	27.924
640	-195	27.926
640	-215	27.923
640	-235	27.929
640	-255	27.931
640	-275	27.931
640	-295	27.935
640	-315	27.929
640	-335	27.922
640	-355	27.928
640	-375	27.925
640	-395	27.915
640	-415	27.913
640	-435	27.912
640	-455	27.909
640	-475	27.908
640	-495	27.906
640	-515	27.901
640	-535	27.88
640	-555	27.894
640	-575	27.89
640	-595	27.888
640	-615	27.884
640	-635	27.884
640	-655	27.874
640	-675	27.881
640	-695	27.885
640	-715	27.886
640	-735	27.873
660	-735	27.876
660	-715	27.883
660	-695	27.887
660	-675	27.884
660	-655	27.881
660	-635	27.884
660	-615	27.884
660	-595	27.887
660	-575	27.89
660	-555	27.892
660	-535	27.894
660	-515	27.9
660	-495	27.903
660	-475	27.908
660	-455	27.909
660	-435	27.915
660	-415	27.918
660	-395	27.923
660	-375	27.924
660	-355	27.928
660	-335	27.929
660	-315	27.931
660	-295	27.922
660	-275	27.93
660	-255	27.924
660	-235	27.927
660	-215	27.917
660	-195	27.922
660	-175	27.922
660	-155	27.92
660	-135	27.92
660	-115	27.92
660	-95	27.919
660	-75	27.925
660	-55	27.929
660	-35	27.914
660	-15	27.831
660	5	27.743
660	25	27.74
660	45	27.743
660	65	27.74
660	85	27.743
660	105	27.729
660	125	27.741
660	145	27.738
660	165	27.728
660	185	27.743
660	205	27.739
660	225	27.742
660	245	27.743
660	265	27.738
660	285	27.738
660	305	27.736
660	325	27.724
660	345	27.737
660	365	27.733
660	385	27.73
660	405	27.726
660	425	27.719
660	445	27.715
660	465	27.708
660	485	27.704
660	505	27.699
660	525	27.695
660	545	27.683
660	565	27.686
660	585	27.686
660	605	27.682
660	625	27.673
660	645	27.681
660	665	27.682
660	685	27.688
660	705	27.687
660	725	27.692
660	745	27.674
680	745	27.681
680	725	27.695
680	705	27.681
680	685	27.679
680	665	27.677
680	645	27.674
680	625	27.673
680	605	27.669
680	585	27.668
680	565	27.673
680	545	27.68
680	525	27.666
680	505	27.693
680	485	27.697
680	465	27.701
680	445	27.713
680	425	27.715
680	405	27.723
680	385	27.728
680	365	27.737
680	345	27.739
680	325	27.735
680	305	27.739
680	285	27.739
680	265	27.732
680	245	27.729
680	225	27.732
680	205	27.732
680	185	27.728
680	165	27.729
680	145	27.729
680	125	27.728
680	105	27.725
680	85	27.732
680	65	27.734
680	45	27.735
680	25	27.742
680	5	27.743
680	-15	27.832
680	-35	27.92
680	-55	27.92
680	-75	27.912
680	-95	27.912
680	-115	27.911
680	-135	27.912
680	-155	27.915
680	-175	27.909
680	-195	27.913
680	-215	27.914
680	-235	27.91
680	-255	27.906
680	-275	27.92
680	-295	27.897
680	-315	27.917
680	-335	27.928
680	-355	27.927
680	-375	27.924
680	-395	27.919
680	-415	27.915
680	-435	27.91
680	-455	27.905
680	-475	27.901
680	-495	27.891
680	-515	27.891
680	-535	27.88
680	-555	27.885
680	-575	27.883
680	-595	27.88
680	-615	27.878
680	-635	27.879
680	-655	27.881
680	-675	27.882
680	-695	27.884
680	-715	27.885
680	-735	27.877
700	-735	27.861
700	-715	27.875
700	-695	27.883
700	-675	27.879
700	-655	27.876
700	-635	27.876
700	-615	27.873
700	-595	27.877
700	-575	27.878
700	-555	27.883
700	-535	27.886
700	-515	27.893
700	-495	27.894
700	-475	27.895
700	-455	27.903
700	-435	27.91
700	-415	27.914
700	-395	27.919
700	-375	27.919
700	-355	27.924
700	-335	27.924
700	-315	27.922
700	-295	27.921
700	-275	27.909
700	-255	27.918
700	-235	27.915
700	-215	27.91
700	-195	27.914
700	-175	27.913
700	-155	27.916
700	-135	27.912
700	-115	27.914
700	-95	27.911
700	-75	27.916
700	-55	27.92
700	-35	27.921
700	-15	27.838
700	5	27.743
700	25	27.73
700	45	27.744
700	65	27.741
700	85	27.744
700	105	27.729
700	125	27.745
700	145	27.746
700	165	27.734
700	185	27.735
700	205	27.739
700	225	27.742
700	245	27.743
700	265	27.742
700	285	27.742
700	305	27.742
700	325	27.733
700	345	27.73
700	365	27.728
700	385	27.726
700	405	27.727
700	425	27.714
700	445	27.715
700	465	27.704
700	485	27.701
700	505	27.698
700	525	27.69
700	545	27.687
700	565	27.689
700	585	27.686
700	605	27.687
700	625	27.675
700	645	27.685
700	665	27.686
700	685	27.683
700	705	27.687
700	725	27.691
700	745	27.683
720	745	27.684
720	725	27.687
720	705	27.686
720	685	27.684
720	665	27.684
720	645	27.684
720	625	27.677
720	605	27.683
720	585	27.684
720	565	27.687
720	545	27.688
720	525	27.693
720	505	27.694
720	485	27.705
720	465	27.708
720	445	27.712
720	425	27.718
720	405	27.723
720	385	27.716
720	365	27.732
720	345	27.733
720	325	27.731
720	305	27.742
720	285	27.703
720	265	27.738
720	245	27.743
720	225	27.743
720	205	27.744
720	185	27.743
720	165	27.736
720	145	27.739
720	125	27.745
720	105	27.729
720	85	27.746
720	65	27.743
720	45	27.742
720	25	27.729
720	5	27.751
720	-15	27.838
720	-35	27.912
720	-55	27.906
720	-75	27.91
720	-95	27.909
720	-115	27.908
720	-135	27.908
720	-155	27.907
720	-175	27.908
720	-195	27.897
720	-215	27.904
720	-235	27.909
720	-255	27.906
720	-275	27.91
720	-295	27.917
720	-315	27.917
720	-335	27.919
720	-355	27.916
720	-375	27.914
720	-395	27.914
720	-415	27.907
720	-435	27.904
720	-455	27.899
720	-475	27.897
720	-495	27.893
720	-515	27.886
720	-535	27.881
720	-555	27.87
720	-575	27.86
720	-595	27.865
720	-615	27.869
720	-635	27.871
720	-655	27.872
720	-675	27.865
720	-695	27.874
720	-715	27.86
720	-735	27.842
740	-735	27.846
740	-715	27.855
740	-695	27.866
740	-675	27.852
740	-655	27.865
740	-635	27.862
740	-615	27.86
740	-595	27.855
740	-575	27.848
740	-555	27.86
740	-535	27.871
740	-515	27.879
740	-495	27.878
740	-475	27.889
740	-455	27.892
740	-435	27.896
740	-415	27.897
740	-395	27.906
740	-375	27.901
740	-355	27.89
740	-335	27.903
740	-315	27.903
740	-295	27.909
740	-275	27.906
740	-255	27.907
740	-235	27.899
740	-215	27.897
740	-195	27.9
740	-175	27.898
740	-155	27.9
740	-135	27.902
740	-115	27.893
740	-95	27.899
740	-75	27.899
740	-55	27.904
740	-35	27.9
740	-15	27.827
740	5	27.737
740	25	27.73
740	45	27.74
740	65	27.742
740	85	27.745
740	105	27.729
740	125	27.745
740	145	27.747
740	165	27.739
740	185	27.736
740	205	27.74
740	225	27.737
740	245	27.743
740	265	27.74
740	285	27.735
740	305	27.738
740	325	27.729
740	345	27.734
740	365	27.727
740	385	27.722
740	405	27.719
740	425	27.717
740	445	27.713
740	465	27.705
740	485	27.698
740	505	27.692
740	525	27.694
740	545	27.684
740	565	27.688
740	585	27.687
740	605	27.681
740	625	27.677
740	645	27.68
740	665	27.68
740	685	27.683
740	705	27.681
740	725	27.689
740	745	27.688
760	745	27.687
760	725	27.686
760	705	27.679
760	685	27.671
760	665	27.679
760	645	27.678
760	625	27.676
760	605	27.683
760	585	27.683
760	565	27.687
760	545	27.685
760	525	27.692
760	505	27.689
760	485	27.7
760	465	27.701
760	445	27.707
760	425	27.714
760	405	27.721
760	385	27.723
760	365	27.729
760	345	27.734
760	325	27.73
760	305	27.738
760	285	27.739
760	265	27.736
760	245	27.742
760	225	27.744
760	205	27.746
760	185	27.744
760	165	27.736
760	145	27.74
760	125	27.747
760	105	27.721
760	85	27.746
760	65	27.738
760	45	27.729
760	25	27.736
760	5	27.737
760	-15	27.816
760	-35	27.882
760	-55	27.89
760	-75	27.883
760	-95	27.888
760	-115	27.884
760	-135	27.889
760	-155	27.889
760	-175	27.887
760	-195	27.88
760	-215	27.892
760	-235	27.893
760	-255	27.897
760	-275	27.874
760	-295	27.901
760	-315	27.899
760	-335	27.894
760	-355	27.899
760	-375	27.896
760	-395	27.894
760	-415	27.893
760	-435	27.888
760	-455	27.883
760	-475	27.88
760	-495	27.873
760	-515	27.87
760	-535	27.864
760	-555	27.861
760	-575	27.856
760	-595	27.847
760	-615	27.852
760	-635	27.85
760	-655	27.852
760	-675	27.853
760	-695	27.852
760	-715	27.851
760	-735	27.846
780	-735	27.832
780	-715	27.84
780	-695	27.844
780	-675	27.833
780	-655	27.825
780	-635	27.823
780	-615	27.82
780	-595	27.821
780	-575	27.825
780	-555	27.828
780	-535	27.831
780	-515	27.838
780	-495	27.846
780	-475	27.852
780	-455	27.857
780	-435	27.875
780	-415	27.877
780	-395	27.883
780	-375	27.883
780	-355	27.886
780	-335	27.884
780	-315	27.889
780	-295	27.887
780	-275	27.88
780	-255	27.884
780	-235	27.876
780	-215	27.877
780	-195	27.873
780	-175	27.871
780	-155	27.869
780	-135	27.871
780	-115	27.869
780	-95	27.868
780	-75	27.865
780	-55	27.872
780	-35	27.87
780	-15	27.803
780	5	27.733
780	25	27.734
780	45	27.729
780	65	27.727
780	85	27.73
780	105	27.714
780	125	27.726
780	145	27.72
780	165	27.72
780	185	27.722
780	205	27.731
780	225	27.73
780	245	27.733
780	265	27.728
780	285	27.734
780	305	27.727
780	325	27.729
780	345	27.724
780	365	27.723
780	385	27.714
780	405	27.711
780	425	27.702
780	445	27.7
780	465	27.692
780	485	27.69
780	505	27.68
780	525	27.678
780	545	27.676
780	565	27.668
780	585	27.655
780	605	27.663
780	625	27.666
780	645	27.668
780	665	27.669
780	685	27.669
780	705	27.676
780	725	27.687
780	745	27.683
800	745	27.678
800	725	27.682
800	705	27.674
800	685	27.678
800	665	27.677
800	645	27.678
800	625	27.666
800	605	27.674
800	585	27.675
800	565	27.682
800	545	27.677
800	525	27.688
800	505	27.69
800	485	27.694
800	465	27.698
800	445	27.698
800	425	27.708
800	405	27.713
800	385	27.718
800	365	27.721
800	345	27.727
800	325	27.729
800	305	27.734
800	285	27.734
800	265	27.737
800	245	27.737
800	225	27.731
800	205	27.743
800	185	27.729
800	165	27.723
800	145	27.742
800	125	27.743
800	105	27.701
800	85	27.736
800	65	27.737
800	45	27.737
800	25	27.723
800	5	27.729
800	-15	27.788
800	-35	27.849
800	-55	27.86
800	-75	27.857
800	-95	27.853
800	-115	27.854
800	-135	27.851
800	-155	27.855
800	-175	27.853
800	-195	27.862
800	-215	27.864
800	-235	27.865
800	-255	27.87
800	-275	27.864
800	-295	27.876
800	-315	27.875
800	-335	27.868
800	-355	27.873
800	-375	27.869
800	-395	27.868
800	-415	27.866
800	-435	27.863
800	-455	27.857
800	-475	27.857
800	-495	27.853
800	-515	27.849
800	-535	27.842
800	-555	27.839
800	-575	27.836
800	-595	27.83
800	-615	27.829
800	-635	27.83
800	-655	27.827
800	-675	27.827
800	-695	27.831
800	-715	27.819
800	-735	27.819
820	-735	27.805
820	-715	27.809
820	-695	27.813
820	-675	27.807
820	-655	27.808
820	-635	27.807
820	-615	27.809
820	-595	27.813
820	-575	27.818
820	-555	27.822
820	-535	27.826
820	-515	27.83
820	-495	27.834
820	-475	27.838
820	-455	27.835
820	-435	27.843
820	-415	27.841
820	-395	27.845
820	-375	27.851
820	-355	27.855
820	-335	27.854
820	-315	27.855
820	-295	27.853
820	-275	27.849
820	-255	27.855
820	-235	27.847
820	-215	27.847
820	-195	27.844
820	-175	27.833
820	-155	27.835
820	-135	27.83
820	-115	27.829
820	-95	27.833
820	-75	27.832
820	-55	27.837
820	-35	27.833
820	-15	27.78
820	5	27.725
820	25	27.713
820	45	27.729
820	65	27.736
820	85	27.736
820	105	27.704
820	125	27.734
820	145	27.735
820	165	27.708
820	185	27.72
820	205	27.738
820	225	27.736
820	245	27.739
820	265	27.732
820	285	27.733
820	305	27.733
820	325	27.726
820	345	27.725
820	365	27.714
820	385	27.713
820	405	27.704
820	425	27.693
820	445	27.701
820	465	27.695
820	485	27.694
820	505	27.689
820	525	27.682
820	545	27.673
820	565	27.681
820	585	27.676
820	605	27.678
820	625	27.668
820	645	27.677
820	665	27.678
820	685	27.677
820	705	27.672
820	725	27.682
820	745	27.673
840	745	27.665
840	725	27.677
840	705	27.674
840	685	27.679
840	665	27.678
840	645	27.671
840	625	27.669
840	605	27.677
840	585	27.679
840	565	27.68
840	545	27.676
840	525	27.687
840	505	27.688
840	485	27.69
840	465	27.695
840	445	27.695
840	425	27.682
840	405	27.694
840	385	27.708
840	365	27.718
840	345	27.72
840	325	27.718
840	305	27.728
840	285	27.722
840	265	27.732
840	245	27.735
840	225	27.732
840	205	27.735
840	185	27.713
840	165	27.685
840	145	27.717
840	125	27.71
840	105	27.692
840	85	27.727
840	65	27.724
840	45	27.727
840	25	27.723
840	5	27.724
840	-15	27.772
840	-35	27.815
840	-55	27.812
840	-75	27.804
840	-95	27.807
840	-115	27.795
840	-135	27.796
840	-155	27.799
840	-175	27.81
840	-195	27.819
840	-215	27.824
840	-235	27.827
840	-255	27.833
840	-275	27.834
840	-295	27.841
840	-315	27.837
840	-335	27.835
840	-355	27.834
840	-375	27.832
840	-395	27.807
840	-415	27.809
840	-435	27.822
840	-455	27.818
840	-475	27.82
840	-495	27.816
840	-515	27.811
840	-535	27.804
840	-555	27.801
840	-575	27.798
840	-595	27.795
840	-615	27.793
840	-635	27.791
840	-655	27.784
840	-675	27.782
840	-695	27.79
840	-715	27.794
840	-735	27.791
860	-735	27.773
860	-715	27.768
860	-695	27.773
860	-675	27.766
860	-655	27.766
860	-635	27.771
860	-615	27.767
860	-595	27.771
860	-575	27.778
860	-555	27.78
860	-535	27.78
860	-515	27.785
860	-495	27.794
860	-475	27.798
860	-455	27.796
860	-435	27.799
860	-415	27.787
860	-395	27.771
860	-375	27.806
860	-355	27.814
860	-335	27.814
860	-315	27.816
860	-295	27.817
860	-275	27.816
860	-255	27.811
860	-235	27.798
860	-215	27.795
860	-195	27.79
860	-175	27.786
860	-155	27.774
860	-135	27.767
860	-115	27.765
860	-95	27.773
860	-75	27.774
860	-55	27.782
860	-35	27.782
860	-15	27.76
860	5	27.727
860	25	27.73
860	45	27.708
860	65	27.729
860	85	27.729
860	105	27.693
860	125	27.671
860	145	27.671
860	165	27.661
860	185	27.7
860	205	27.727
860	225	27.723
860	245	27.724
860	265	27.726
860	285	27.727
860	305	27.726
860	325	27.717
860	345	27.722
860	365	27.718
860	385	27.707
860	405	27.691
860	425	27.661
860	445	27.678
860	465	27.699
860	485	27.692
860	505	27.69
860	525	27.688
860	545	27.673
860	565	27.675
860	585	27.677
860	605	27.68
860	625	27.671
860	645	27.679
860	665	27.679
860	685	27.678
860	705	27.677
860	725	27.679
860	745	27.669
880	745	27.676
880	725	27.685
880	705	27.679
880	685	27.68
880	665	27.68
880	645	27.679
880	625	27.679
880	605	27.673
880	585	27.657
880	565	27.653
880	545	27.669
880	525	27.682
880	505	27.686
880	485	27.688
880	465	27.694
880	445	27.697
880	425	27.697
880	405	27.703
880	385	27.707
880	365	27.712
880	345	27.721
880	325	27.716
880	305	27.719
880	285	27.721
880	265	27.708
880	245	27.704
880	225	27.682
880	205	27.663
880	185	27.657
880	165	27.656
880	145	27.657
880	125	27.655
880	105	27.664
880	85	27.7
880	65	27.718
880	45	27.718
880	25	27.723
880	5	27.728
880	-15	27.739
880	-35	27.743
880	-55	27.736
880	-75	27.73
880	-95	27.726
880	-115	27.724
880	-135	27.736
880	-155	27.744
880	-175	27.748
880	-195	27.758
880	-215	27.765
880	-235	27.769
880	-255	27.78
880	-275	27.784
880	-295	27.79
880	-315	27.793
880	-335	27.79
880	-355	27.79
880	-375	27.783
880	-395	27.78
880	-415	27.781
880	-435	27.778
880	-455	27.773
880	-475	27.771
880	-495	27.767
880	-515	27.762
880	-535	27.755
880	-555	27.748
880	-575	27.749
880	-595	27.746
880	-615	27.737
880	-635	27.745
880	-655	27.747
880	-675	27.749
880	-695	27.752
880	-715	27.752
880	-735	27.745
900	-735	27.71
900	-715	27.713
900	-695	27.718
900	-675	27.717
900	-655	27.711
900	-635	27.717
900	-615	27.718
900	-595	27.719
900	-575	27.72
900	-555	27.723
900	-535	27.727
900	-515	27.733
900	-495	27.738
900	-475	27.743
900	-455	27.746
900	-435	27.75
900	-415	27.754
900	-395	27.759
900	-375	27.756
900	-355	27.747
900	-335	27.744
900	-315	27.753
900	-295	27.756
900	-275	27.743
900	-255	27.74
900	-235	27.736
900	-215	27.724
900	-195	27.717
900	-175	27.706
900	-155	27.695
900	-135	27.686
900	-115	27.677
900	-95	27.672
900	-75	27.675
900	-55	27.683
900	-35	27.696
900	-15	27.703
900	5	27.708
900	25	27.715
900	45	27.718
900	65	27.72
900	85	27.72
900	105	27.715
900	125	27.708
900	145	27.708
900	165	27.712
900	185	27.709
900	205	27.71
900	225	27.717
900	245	27.719
900	265	27.719
900	285	27.703
900	305	27.684
900	325	27.691
900	345	27.705
900	365	27.706
900	385	27.697
900	405	27.698
900	425	27.699
900	445	27.698
900	465	27.699
900	485	27.697
900	505	27.693
900	525	27.693
900	545	27.679
900	565	27.663
900	585	27.666
900	605	27.685
900	625	27.688
900	645	27.686
900	665	27.687
900	685	27.688
900	705	27.687
900	725	27.681
900	745	27.666
920	745	27.663
920	725	27.681
920	705	27.687
920	685	27.692
920	665	27.693
920	645	27.694
920	625	27.698
920	605	27.699
920	585	27.693
920	565	27.693
920	545	27.701
920	525	27.704
920	505	27.703
920	485	27.704
920	465	27.703
920	445	27.698
920	425	27.695
920	405	27.692
920	385	27.695
920	365	27.701
920	345	27.691
920	325	27.671
920	305	27.664
920	285	27.685
920	265	27.708
920	245	27.716
920	225	27.715
920	205	27.711
920	185	27.705
920	165	27.707
920	145	27.708
920	125	27.713
920	105	27.711
920	85	27.71
920	65	27.701
920	45	27.691
920	25	27.688
920	5	27.673
920	-15	27.652
920	-35	27.631
920	-55	27.613
920	-75	27.611
920	-95	27.615
920	-115	27.624
920	-135	27.63
920	-155	27.632
920	-175	27.657
920	-195	27.673
920	-215	27.682
920	-235	27.695
920	-255	27.701
920	-275	27.706
920	-295	27.711
920	-315	27.708
920	-335	27.703
920	-355	27.707
920	-375	27.725
920	-395	27.734
920	-415	27.732
920	-435	27.727
920	-455	27.72
920	-475	27.706
920	-495	27.689
920	-515	27.696
920	-535	27.699
920	-555	27.697
920	-575	27.688
920	-595	27.689
920	-615	27.687
920	-635	27.687
920	-655	27.684
920	-675	27.689
920	-695	27.688
920	-715	27.682
920	-735	27.68
