     5>cl : command line  warning D9035: option 'Gm' has been deprecated and will be removed in a future release [D:\a\TohoSpec\TohoSpec\SRC\Deskew\DESKEW.vcxproj]
     4>cl : command line  warning D9035: option 'Gm' has been deprecated and will be removed in a future release [D:\a\TohoSpec\TohoSpec\SRC\AlarmIf\AlarmIf.vcxproj]
     2>cl : command line  warning D9035: option 'Gm' has been deprecated and will be removed in a future release [D:\a\TohoSpec\TohoSpec\SRC\Active\ACTIVE.vcxproj]
     3>cl : command line  warning D9035: option 'Gm' has been deprecated and will be removed in a future release [D:\a\TohoSpec\TohoSpec\SRC\ConfigFile\ConfigFile.vcxproj]
     6>cl : command line  warning D9035: option 'Gm' has been deprecated and will be removed in a future release [D:\a\TohoSpec\TohoSpec\SRC\Hook\HOOK.vcxproj]
     9>cl : command line  warning D9035: option 'Gm' has been deprecated and will be removed in a future release [D:\a\TohoSpec\TohoSpec\SRC\NEXIF\NEXIF.vcxproj]
     2>C:\Program Files\Microsoft Visual Studio\2022\Enterprise\MSBuild\Microsoft\VC\v170\Microsoft.CppBuild.targets(1564,5): warning MSB8012: TargetPath(D:\a\TohoSpec\TohoSpec\SRC\Active\Debug\ACTIVE.lib) does not match the Library's OutputFile property value (D:\a\TohoSpec\TohoSpec\LIB\dTnsActive.lib). This may cause your project to build incorrectly. To correct this, please make sure that $(OutDir), $(TargetName) and $(TargetExt) property values match the value specified in %(Lib.OutputFile). [D:\a\TohoSpec\TohoSpec\SRC\Active\ACTIVE.vcxproj]
     2>C:\Program Files\Microsoft Visual Studio\2022\Enterprise\MSBuild\Microsoft\VC\v170\Microsoft.CppBuild.targets(1566,5): warning MSB8012: TargetName(ACTIVE) does not match the Library's OutputFile property value (dTnsActive). This may cause your project to build incorrectly. To correct this, please make sure that $(OutDir), $(TargetName) and $(TargetExt) property values match the value specified in %(Lib.OutputFile). [D:\a\TohoSpec\TohoSpec\SRC\Active\ACTIVE.vcxproj]
    10>cl : command line  warning D9035: option 'Gm' has been deprecated and will be removed in a future release [D:\a\TohoSpec\TohoSpec\SRC\NEXINI\NEXINI.vcxproj]
     3>cl : command line  warning D9035: option 'Gm' has been deprecated and will be removed in a future release [D:\a\TohoSpec\TohoSpec\SRC\ConfigFile\ConfigFile.vcxproj]
     3>D:\a\TohoSpec\TohoSpec\SRC\ConfigFile\IniFile.cpp(1323,74): warning C4244: '=': conversion from 'double' to 'WORD', possible loss of data [D:\a\TohoSpec\TohoSpec\SRC\ConfigFile\ConfigFile.vcxproj]
     9>D:\a\TohoSpec\TohoSpec\INC\NEXMISC.HXX(71,3): warning C4996: '_splitpath': This function or variable may be unsafe. Consider using _splitpath_s instead. To disable deprecation, use _CRT_SECURE_NO_WARNINGS. See online help for details. [D:\a\TohoSpec\TohoSpec\SRC\NEXIF\NEXIF.vcxproj]
     5>D:\a\TohoSpec\TohoSpec\INC\DllMutex.hxx(18,3): warning C4996: 'strcpy': This function or variable may be unsafe. Consider using strcpy_s instead. To disable deprecation, use _CRT_SECURE_NO_WARNINGS. See online help for details. [D:\a\TohoSpec\TohoSpec\SRC\Deskew\DESKEW.vcxproj]
    10>D:\a\TohoSpec\TohoSpec\INC\NEXMISC.HXX(71,3): warning C4996: '_splitpath': This function or variable may be unsafe. Consider using _splitpath_s instead. To disable deprecation, use _CRT_SECURE_NO_WARNINGS. See online help for details. [D:\a\TohoSpec\TohoSpec\SRC\NEXINI\NEXINI.vcxproj]
     6>D:\a\TohoSpec\TohoSpec\INC\DllMutex.hxx(18,3): warning C4996: 'strcpy': This function or variable may be unsafe. Consider using strcpy_s instead. To disable deprecation, use _CRT_SECURE_NO_WARNINGS. See online help for details. [D:\a\TohoSpec\TohoSpec\SRC\Hook\HOOK.vcxproj]
     3>D:\a\TohoSpec\TohoSpec\SRC\ConfigFile\IniFile.cpp(1387,51): warning C4244: '=': conversion from 'double' to 'WORD', possible loss of data [D:\a\TohoSpec\TohoSpec\SRC\ConfigFile\ConfigFile.vcxproj]
     9>D:\a\TohoSpec\TohoSpec\INC\NEXMISC.HXX(72,3): warning C4996: 'sprintf': This function or variable may be unsafe. Consider using sprintf_s instead. To disable deprecation, use _CRT_SECURE_NO_WARNINGS. See online help for details. [D:\a\TohoSpec\TohoSpec\SRC\NEXIF\NEXIF.vcxproj]
     3>D:\a\TohoSpec\TohoSpec\SRC\ConfigFile\IniFile.cpp(749,3): warning C4996: 'sprintf': This function or variable may be unsafe. Consider using sprintf_s instead. To disable deprecation, use _CRT_SECURE_NO_WARNINGS. See online help for details. [D:\a\TohoSpec\TohoSpec\SRC\ConfigFile\ConfigFile.vcxproj]
     9>D:\a\TohoSpec\TohoSpec\INC\NEXMISC.HXX(75,5): warning C4996: 'strcat': This function or variable may be unsafe. Consider using strcat_s instead. To disable deprecation, use _CRT_SECURE_NO_WARNINGS. See online help for details. [D:\a\TohoSpec\TohoSpec\SRC\NEXIF\NEXIF.vcxproj]
     3>D:\a\TohoSpec\TohoSpec\SRC\ConfigFile\IniFile.cpp(755,3): warning C4996: 'sprintf': This function or variable may be unsafe. Consider using sprintf_s instead. To disable deprecation, use _CRT_SECURE_NO_WARNINGS. See online help for details. [D:\a\TohoSpec\TohoSpec\SRC\ConfigFile\ConfigFile.vcxproj]
     9>D:\a\TohoSpec\TohoSpec\INC\NEXMISC.HXX(83,35): warning C4996: 'sprintf': This function or variable may be unsafe. Consider using sprintf_s instead. To disable deprecation, use _CRT_SECURE_NO_WARNINGS. See online help for details. [D:\a\TohoSpec\TohoSpec\SRC\NEXIF\NEXIF.vcxproj]
     9>D:\a\TohoSpec\TohoSpec\INC\NEXMISC.HXX(100,3): warning C4996: '_splitpath': This function or variable may be unsafe. Consider using _splitpath_s instead. To disable deprecation, use _CRT_SECURE_NO_WARNINGS. See online help for details. [D:\a\TohoSpec\TohoSpec\SRC\NEXIF\NEXIF.vcxproj]
     9>D:\a\TohoSpec\TohoSpec\INC\NEXMISC.HXX(114,3): warning C4996: 'strcpy': This function or variable may be unsafe. Consider using strcpy_s instead. To disable deprecation, use _CRT_SECURE_NO_WARNINGS. See online help for details. [D:\a\TohoSpec\TohoSpec\SRC\NEXIF\NEXIF.vcxproj]
     9>D:\a\TohoSpec\TohoSpec\INC\NEXMISC.HXX(144,3): warning C4996: 'sprintf': This function or variable may be unsafe. Consider using sprintf_s instead. To disable deprecation, use _CRT_SECURE_NO_WARNINGS. See online help for details. [D:\a\TohoSpec\TohoSpec\SRC\NEXIF\NEXIF.vcxproj]
     9>D:\a\TohoSpec\TohoSpec\INC\NEXMISC.HXX(724,3): warning C4996: '_splitpath': This function or variable may be unsafe. Consider using _splitpath_s instead. To disable deprecation, use _CRT_SECURE_NO_WARNINGS. See online help for details. [D:\a\TohoSpec\TohoSpec\SRC\NEXIF\NEXIF.vcxproj]
     9>D:\a\TohoSpec\TohoSpec\INC\NEXMISC.HXX(781,5): warning C4996: 'unlink': The POSIX name for this item is deprecated. Instead, use the ISO C and C++ conformant name: _unlink. See online help for details. [D:\a\TohoSpec\TohoSpec\SRC\NEXIF\NEXIF.vcxproj]
     5>D:\a\TohoSpec\TohoSpec\INC\DllMutex.hxx(20,2): warning C4996: 'strcat': This function or variable may be unsafe. Consider using strcat_s instead. To disable deprecation, use _CRT_SECURE_NO_WARNINGS. See online help for details. [D:\a\TohoSpec\TohoSpec\SRC\Deskew\DESKEW.vcxproj]
     5>D:\a\TohoSpec\TohoSpec\INC\DllMutex.hxx(21,2): warning C4996: 'strcat': This function or variable may be unsafe. Consider using strcat_s instead. To disable deprecation, use _CRT_SECURE_NO_WARNINGS. See online help for details. [D:\a\TohoSpec\TohoSpec\SRC\Deskew\DESKEW.vcxproj]
    10>D:\a\TohoSpec\TohoSpec\INC\NEXMISC.HXX(72,3): warning C4996: 'sprintf': This function or variable may be unsafe. Consider using sprintf_s instead. To disable deprecation, use _CRT_SECURE_NO_WARNINGS. See online help for details. [D:\a\TohoSpec\TohoSpec\SRC\NEXINI\NEXINI.vcxproj]
    10>D:\a\TohoSpec\TohoSpec\INC\NEXMISC.HXX(75,5): warning C4996: 'strcat': This function or variable may be unsafe. Consider using strcat_s instead. To disable deprecation, use _CRT_SECURE_NO_WARNINGS. See online help for details. [D:\a\TohoSpec\TohoSpec\SRC\NEXINI\NEXINI.vcxproj]
    10>D:\a\TohoSpec\TohoSpec\INC\NEXMISC.HXX(83,35): warning C4996: 'sprintf': This function or variable may be unsafe. Consider using sprintf_s instead. To disable deprecation, use _CRT_SECURE_NO_WARNINGS. See online help for details. [D:\a\TohoSpec\TohoSpec\SRC\NEXINI\NEXINI.vcxproj]
    10>D:\a\TohoSpec\TohoSpec\INC\NEXMISC.HXX(100,3): warning C4996: '_splitpath': This function or variable may be unsafe. Consider using _splitpath_s instead. To disable deprecation, use _CRT_SECURE_NO_WARNINGS. See online help for details. [D:\a\TohoSpec\TohoSpec\SRC\NEXINI\NEXINI.vcxproj]
    10>D:\a\TohoSpec\TohoSpec\INC\NEXMISC.HXX(114,3): warning C4996: 'strcpy': This function or variable may be unsafe. Consider using strcpy_s instead. To disable deprecation, use _CRT_SECURE_NO_WARNINGS. See online help for details. [D:\a\TohoSpec\TohoSpec\SRC\NEXINI\NEXINI.vcxproj]
    10>D:\a\TohoSpec\TohoSpec\INC\NEXMISC.HXX(144,3): warning C4996: 'sprintf': This function or variable may be unsafe. Consider using sprintf_s instead. To disable deprecation, use _CRT_SECURE_NO_WARNINGS. See online help for details. [D:\a\TohoSpec\TohoSpec\SRC\NEXINI\NEXINI.vcxproj]
    10>D:\a\TohoSpec\TohoSpec\INC\NEXMISC.HXX(724,3): warning C4996: '_splitpath': This function or variable may be unsafe. Consider using _splitpath_s instead. To disable deprecation, use _CRT_SECURE_NO_WARNINGS. See online help for details. [D:\a\TohoSpec\TohoSpec\SRC\NEXINI\NEXINI.vcxproj]
    10>D:\a\TohoSpec\TohoSpec\INC\NEXMISC.HXX(781,5): warning C4996: 'unlink': The POSIX name for this item is deprecated. Instead, use the ISO C and C++ conformant name: _unlink. See online help for details. [D:\a\TohoSpec\TohoSpec\SRC\NEXINI\NEXINI.vcxproj]
     3>D:\a\TohoSpec\TohoSpec\SRC\ConfigFile\IniFile.cpp(765,3): warning C4996: 'sprintf': This function or variable may be unsafe. Consider using sprintf_s instead. To disable deprecation, use _CRT_SECURE_NO_WARNINGS. See online help for details. [D:\a\TohoSpec\TohoSpec\SRC\ConfigFile\ConfigFile.vcxproj]
     3>D:\a\TohoSpec\TohoSpec\SRC\ConfigFile\IniFile.cpp(775,3): warning C4996: 'sprintf': This function or variable may be unsafe. Consider using sprintf_s instead. To disable deprecation, use _CRT_SECURE_NO_WARNINGS. See online help for details. [D:\a\TohoSpec\TohoSpec\SRC\ConfigFile\ConfigFile.vcxproj]
     3>D:\a\TohoSpec\TohoSpec\SRC\ConfigFile\IniFile.cpp(783,3): warning C4996: 'sprintf': This function or variable may be unsafe. Consider using sprintf_s instead. To disable deprecation, use _CRT_SECURE_NO_WARNINGS. See online help for details. [D:\a\TohoSpec\TohoSpec\SRC\ConfigFile\ConfigFile.vcxproj]
     3>D:\a\TohoSpec\TohoSpec\SRC\ConfigFile\IniFile.cpp(791,3): warning C4996: 'sprintf': This function or variable may be unsafe. Consider using sprintf_s instead. To disable deprecation, use _CRT_SECURE_NO_WARNINGS. See online help for details. [D:\a\TohoSpec\TohoSpec\SRC\ConfigFile\ConfigFile.vcxproj]
     3>D:\a\TohoSpec\TohoSpec\SRC\ConfigFile\IniFile.cpp(798,3): warning C4996: 'sprintf': This function or variable may be unsafe. Consider using sprintf_s instead. To disable deprecation, use _CRT_SECURE_NO_WARNINGS. See online help for details. [D:\a\TohoSpec\TohoSpec\SRC\ConfigFile\ConfigFile.vcxproj]
     3>D:\a\TohoSpec\TohoSpec\SRC\ConfigFile\IniFile.cpp(804,3): warning C4996: 'sprintf': This function or variable may be unsafe. Consider using sprintf_s instead. To disable deprecation, use _CRT_SECURE_NO_WARNINGS. See online help for details. [D:\a\TohoSpec\TohoSpec\SRC\ConfigFile\ConfigFile.vcxproj]
     3>D:\a\TohoSpec\TohoSpec\SRC\ConfigFile\IniFile.cpp(811,3): warning C4996: 'sprintf': This function or variable may be unsafe. Consider using sprintf_s instead. To disable deprecation, use _CRT_SECURE_NO_WARNINGS. See online help for details. [D:\a\TohoSpec\TohoSpec\SRC\ConfigFile\ConfigFile.vcxproj]
     3>D:\a\TohoSpec\TohoSpec\SRC\ConfigFile\IniFile.cpp(819,3): warning C4996: 'sprintf': This function or variable may be unsafe. Consider using sprintf_s instead. To disable deprecation, use _CRT_SECURE_NO_WARNINGS. See online help for details. [D:\a\TohoSpec\TohoSpec\SRC\ConfigFile\ConfigFile.vcxproj]
     3>D:\a\TohoSpec\TohoSpec\SRC\ConfigFile\IniFile.cpp(827,3): warning C4996: 'sprintf': This function or variable may be unsafe. Consider using sprintf_s instead. To disable deprecation, use _CRT_SECURE_NO_WARNINGS. See online help for details. [D:\a\TohoSpec\TohoSpec\SRC\ConfigFile\ConfigFile.vcxproj]
     3>D:\a\TohoSpec\TohoSpec\SRC\ConfigFile\IniFile.cpp(846,3): warning C4996: 'sprintf': This function or variable may be unsafe. Consider using sprintf_s instead. To disable deprecation, use _CRT_SECURE_NO_WARNINGS. See online help for details. [D:\a\TohoSpec\TohoSpec\SRC\ConfigFile\ConfigFile.vcxproj]
     3>D:\a\TohoSpec\TohoSpec\SRC\ConfigFile\IniFile.cpp(855,3): warning C4996: 'sprintf': This function or variable may be unsafe. Consider using sprintf_s instead. To disable deprecation, use _CRT_SECURE_NO_WARNINGS. See online help for details. [D:\a\TohoSpec\TohoSpec\SRC\ConfigFile\ConfigFile.vcxproj]
     3>D:\a\TohoSpec\TohoSpec\SRC\ConfigFile\IniFile.cpp(863,3): warning C4996: 'sprintf': This function or variable may be unsafe. Consider using sprintf_s instead. To disable deprecation, use _CRT_SECURE_NO_WARNINGS. See online help for details. [D:\a\TohoSpec\TohoSpec\SRC\ConfigFile\ConfigFile.vcxproj]
     3>D:\a\TohoSpec\TohoSpec\SRC\ConfigFile\IniFile.cpp(873,2): warning C4996: 'strcpy': This function or variable may be unsafe. Consider using strcpy_s instead. To disable deprecation, use _CRT_SECURE_NO_WARNINGS. See online help for details. [D:\a\TohoSpec\TohoSpec\SRC\ConfigFile\ConfigFile.vcxproj]
     3>D:\a\TohoSpec\TohoSpec\SRC\ConfigFile\IniFile.cpp(874,2): warning C4996: 'sprintf': This function or variable may be unsafe. Consider using sprintf_s instead. To disable deprecation, use _CRT_SECURE_NO_WARNINGS. See online help for details. [D:\a\TohoSpec\TohoSpec\SRC\ConfigFile\ConfigFile.vcxproj]
     3>D:\a\TohoSpec\TohoSpec\SRC\ConfigFile\IniFile.cpp(888,4): warning C4996: 'sprintf': This function or variable may be unsafe. Consider using sprintf_s instead. To disable deprecation, use _CRT_SECURE_NO_WARNINGS. See online help for details. [D:\a\TohoSpec\TohoSpec\SRC\ConfigFile\ConfigFile.vcxproj]
     3>D:\a\TohoSpec\TohoSpec\SRC\ConfigFile\IniFile.cpp(893,4): warning C4996: 'sprintf': This function or variable may be unsafe. Consider using sprintf_s instead. To disable deprecation, use _CRT_SECURE_NO_WARNINGS. See online help for details. [D:\a\TohoSpec\TohoSpec\SRC\ConfigFile\ConfigFile.vcxproj]
     3>D:\a\TohoSpec\TohoSpec\SRC\ConfigFile\IniFile.cpp(932,5): warning C4996: 'sprintf': This function or variable may be unsafe. Consider using sprintf_s instead. To disable deprecation, use _CRT_SECURE_NO_WARNINGS. See online help for details. [D:\a\TohoSpec\TohoSpec\SRC\ConfigFile\ConfigFile.vcxproj]
     3>D:\a\TohoSpec\TohoSpec\SRC\ConfigFile\IniFile.cpp(937,5): warning C4996: 'sprintf': This function or variable may be unsafe. Consider using sprintf_s instead. To disable deprecation, use _CRT_SECURE_NO_WARNINGS. See online help for details. [D:\a\TohoSpec\TohoSpec\SRC\ConfigFile\ConfigFile.vcxproj]
     3>D:\a\TohoSpec\TohoSpec\SRC\ConfigFile\IniFile.cpp(944,5): warning C4996: 'sprintf': This function or variable may be unsafe. Consider using sprintf_s instead. To disable deprecation, use _CRT_SECURE_NO_WARNINGS. See online help for details. [D:\a\TohoSpec\TohoSpec\SRC\ConfigFile\ConfigFile.vcxproj]
     3>D:\a\TohoSpec\TohoSpec\SRC\ConfigFile\IniFile.cpp(949,5): warning C4996: 'sprintf': This function or variable may be unsafe. Consider using sprintf_s instead. To disable deprecation, use _CRT_SECURE_NO_WARNINGS. See online help for details. [D:\a\TohoSpec\TohoSpec\SRC\ConfigFile\ConfigFile.vcxproj]
     3>D:\a\TohoSpec\TohoSpec\SRC\ConfigFile\IniFile.cpp(958,5): warning C4996: 'sprintf': This function or variable may be unsafe. Consider using sprintf_s instead. To disable deprecation, use _CRT_SECURE_NO_WARNINGS. See online help for details. [D:\a\TohoSpec\TohoSpec\SRC\ConfigFile\ConfigFile.vcxproj]
     3>D:\a\TohoSpec\TohoSpec\SRC\ConfigFile\IniFile.cpp(963,5): warning C4996: 'sprintf': This function or variable may be unsafe. Consider using sprintf_s instead. To disable deprecation, use _CRT_SECURE_NO_WARNINGS. See online help for details. [D:\a\TohoSpec\TohoSpec\SRC\ConfigFile\ConfigFile.vcxproj]
     3>D:\a\TohoSpec\TohoSpec\SRC\ConfigFile\IniFile.cpp(968,5): warning C4996: 'sprintf': This function or variable may be unsafe. Consider using sprintf_s instead. To disable deprecation, use _CRT_SECURE_NO_WARNINGS. See online help for details. [D:\a\TohoSpec\TohoSpec\SRC\ConfigFile\ConfigFile.vcxproj]
     3>D:\a\TohoSpec\TohoSpec\SRC\ConfigFile\IniFile.cpp(986,4): warning C4996: 'sprintf': This function or variable may be unsafe. Consider using sprintf_s instead. To disable deprecation, use _CRT_SECURE_NO_WARNINGS. See online help for details. [D:\a\TohoSpec\TohoSpec\SRC\ConfigFile\ConfigFile.vcxproj]
     3>D:\a\TohoSpec\TohoSpec\SRC\ConfigFile\IniFile.cpp(995,4): warning C4996: 'sprintf': This function or variable may be unsafe. Consider using sprintf_s instead. To disable deprecation, use _CRT_SECURE_NO_WARNINGS. See online help for details. [D:\a\TohoSpec\TohoSpec\SRC\ConfigFile\ConfigFile.vcxproj]
     3>D:\a\TohoSpec\TohoSpec\SRC\ConfigFile\IniFile.cpp(1003,4): warning C4996: 'sprintf': This function or variable may be unsafe. Consider using sprintf_s instead. To disable deprecation, use _CRT_SECURE_NO_WARNINGS. See online help for details. [D:\a\TohoSpec\TohoSpec\SRC\ConfigFile\ConfigFile.vcxproj]
     3>D:\a\TohoSpec\TohoSpec\SRC\ConfigFile\IniFile.cpp(1006,4): warning C4996: 'sprintf': This function or variable may be unsafe. Consider using sprintf_s instead. To disable deprecation, use _CRT_SECURE_NO_WARNINGS. See online help for details. [D:\a\TohoSpec\TohoSpec\SRC\ConfigFile\ConfigFile.vcxproj]
     3>D:\a\TohoSpec\TohoSpec\SRC\ConfigFile\IniFile.cpp(1064,5): warning C4996: 'sprintf': This function or variable may be unsafe. Consider using sprintf_s instead. To disable deprecation, use _CRT_SECURE_NO_WARNINGS. See online help for details. [D:\a\TohoSpec\TohoSpec\SRC\ConfigFile\ConfigFile.vcxproj]
     6>D:\a\TohoSpec\TohoSpec\INC\DllMutex.hxx(20,2): warning C4996: 'strcat': This function or variable may be unsafe. Consider using strcat_s instead. To disable deprecation, use _CRT_SECURE_NO_WARNINGS. See online help for details. [D:\a\TohoSpec\TohoSpec\SRC\Hook\HOOK.vcxproj]
     6>D:\a\TohoSpec\TohoSpec\INC\DllMutex.hxx(21,2): warning C4996: 'strcat': This function or variable may be unsafe. Consider using strcat_s instead. To disable deprecation, use _CRT_SECURE_NO_WARNINGS. See online help for details. [D:\a\TohoSpec\TohoSpec\SRC\Hook\HOOK.vcxproj]
     3>D:\a\TohoSpec\TohoSpec\SRC\ConfigFile\IniFile.cpp(1103,5): warning C4996: 'sprintf': This function or variable may be unsafe. Consider using sprintf_s instead. To disable deprecation, use _CRT_SECURE_NO_WARNINGS. See online help for details. [D:\a\TohoSpec\TohoSpec\SRC\ConfigFile\ConfigFile.vcxproj]
     3>D:\a\TohoSpec\TohoSpec\SRC\ConfigFile\IniFile.cpp(1129,5): warning C4996: 'sprintf': This function or variable may be unsafe. Consider using sprintf_s instead. To disable deprecation, use _CRT_SECURE_NO_WARNINGS. See online help for details. [D:\a\TohoSpec\TohoSpec\SRC\ConfigFile\ConfigFile.vcxproj]
     3>D:\a\TohoSpec\TohoSpec\SRC\ConfigFile\IniFile.cpp(1182,4): warning C4996: 'strcpy': This function or variable may be unsafe. Consider using strcpy_s instead. To disable deprecation, use _CRT_SECURE_NO_WARNINGS. See online help for details. [D:\a\TohoSpec\TohoSpec\SRC\ConfigFile\ConfigFile.vcxproj]
     3>D:\a\TohoSpec\TohoSpec\SRC\ConfigFile\IniFile.cpp(1213,7): warning C4996: 'sprintf': This function or variable may be unsafe. Consider using sprintf_s instead. To disable deprecation, use _CRT_SECURE_NO_WARNINGS. See online help for details. [D:\a\TohoSpec\TohoSpec\SRC\ConfigFile\ConfigFile.vcxproj]
     3>D:\a\TohoSpec\TohoSpec\SRC\ConfigFile\IniFile.cpp(1228,7): warning C4996: 'sprintf': This function or variable may be unsafe. Consider using sprintf_s instead. To disable deprecation, use _CRT_SECURE_NO_WARNINGS. See online help for details. [D:\a\TohoSpec\TohoSpec\SRC\ConfigFile\ConfigFile.vcxproj]
     3>D:\a\TohoSpec\TohoSpec\SRC\ConfigFile\IniFile.cpp(1243,7): warning C4996: 'sprintf': This function or variable may be unsafe. Consider using sprintf_s instead. To disable deprecation, use _CRT_SECURE_NO_WARNINGS. See online help for details. [D:\a\TohoSpec\TohoSpec\SRC\ConfigFile\ConfigFile.vcxproj]
     3>D:\a\TohoSpec\TohoSpec\SRC\ConfigFile\IniFile.cpp(1294,6): warning C4996: 'strcpy': This function or variable may be unsafe. Consider using strcpy_s instead. To disable deprecation, use _CRT_SECURE_NO_WARNINGS. See online help for details. [D:\a\TohoSpec\TohoSpec\SRC\ConfigFile\ConfigFile.vcxproj]
     3>D:\a\TohoSpec\TohoSpec\SRC\ConfigFile\IniFile.cpp(1311,4): warning C4996: 'sprintf': This function or variable may be unsafe. Consider using sprintf_s instead. To disable deprecation, use _CRT_SECURE_NO_WARNINGS. See online help for details. [D:\a\TohoSpec\TohoSpec\SRC\ConfigFile\ConfigFile.vcxproj]
     3>D:\a\TohoSpec\TohoSpec\SRC\ConfigFile\IniFile.cpp(1313,4): warning C4996: 'sprintf': This function or variable may be unsafe. Consider using sprintf_s instead. To disable deprecation, use _CRT_SECURE_NO_WARNINGS. See online help for details. [D:\a\TohoSpec\TohoSpec\SRC\ConfigFile\ConfigFile.vcxproj]
     3>D:\a\TohoSpec\TohoSpec\SRC\ConfigFile\IniFile.cpp(1315,4): warning C4996: 'sprintf': This function or variable may be unsafe. Consider using sprintf_s instead. To disable deprecation, use _CRT_SECURE_NO_WARNINGS. See online help for details. [D:\a\TohoSpec\TohoSpec\SRC\ConfigFile\ConfigFile.vcxproj]
     3>D:\a\TohoSpec\TohoSpec\SRC\ConfigFile\IniFile.cpp(1563,41): warning C4018: '<': signed/unsigned mismatch [D:\a\TohoSpec\TohoSpec\SRC\ConfigFile\ConfigFile.vcxproj]
     3>D:\a\TohoSpec\TohoSpec\SRC\ConfigFile\IniFile.cpp(1601,39): warning C4018: '<': signed/unsigned mismatch [D:\a\TohoSpec\TohoSpec\SRC\ConfigFile\ConfigFile.vcxproj]
     3>D:\a\TohoSpec\TohoSpec\SRC\ConfigFile\IniFile.cpp(1627,48): warning C4018: '<': signed/unsigned mismatch [D:\a\TohoSpec\TohoSpec\SRC\ConfigFile\ConfigFile.vcxproj]
     3>D:\a\TohoSpec\TohoSpec\SRC\ConfigFile\IniFile.cpp(1421,3): warning C4996: 'sprintf': This function or variable may be unsafe. Consider using sprintf_s instead. To disable deprecation, use _CRT_SECURE_NO_WARNINGS. See online help for details. [D:\a\TohoSpec\TohoSpec\SRC\ConfigFile\ConfigFile.vcxproj]
     3>D:\a\TohoSpec\TohoSpec\SRC\ConfigFile\IniFile.cpp(1427,3): warning C4996: 'sprintf': This function or variable may be unsafe. Consider using sprintf_s instead. To disable deprecation, use _CRT_SECURE_NO_WARNINGS. See online help for details. [D:\a\TohoSpec\TohoSpec\SRC\ConfigFile\ConfigFile.vcxproj]
     3>D:\a\TohoSpec\TohoSpec\SRC\ConfigFile\IniFile.cpp(1441,3): warning C4996: 'sprintf': This function or variable may be unsafe. Consider using sprintf_s instead. To disable deprecation, use _CRT_SECURE_NO_WARNINGS. See online help for details. [D:\a\TohoSpec\TohoSpec\SRC\ConfigFile\ConfigFile.vcxproj]
     3>D:\a\TohoSpec\TohoSpec\SRC\ConfigFile\IniFile.cpp(1449,3): warning C4996: 'sprintf': This function or variable may be unsafe. Consider using sprintf_s instead. To disable deprecation, use _CRT_SECURE_NO_WARNINGS. See online help for details. [D:\a\TohoSpec\TohoSpec\SRC\ConfigFile\ConfigFile.vcxproj]
     6>C:\Program Files\Microsoft Visual Studio\2022\Enterprise\MSBuild\Microsoft\VC\v170\Microsoft.CppBuild.targets(1402,5): warning MSB8012: TargetPath(D:\a\TohoSpec\TohoSpec\SRC\Hook\Debug\HOOK.dll) does not match the Linker's OutputFile property value (D:\a\TohoSpec\TohoSpec\DLL\dTnsHook.dll). This may cause your project to build incorrectly. To correct this, please make sure that $(OutDir), $(TargetName) and $(TargetExt) property values match the value specified in %(Link.OutputFile). [D:\a\TohoSpec\TohoSpec\SRC\Hook\HOOK.vcxproj]
     6>C:\Program Files\Microsoft Visual Studio\2022\Enterprise\MSBuild\Microsoft\VC\v170\Microsoft.CppBuild.targets(1404,5): warning MSB8012: TargetName(HOOK) does not match the Linker's OutputFile property value (dTnsHook). This may cause your project to build incorrectly. To correct this, please make sure that $(OutDir), $(TargetName) and $(TargetExt) property values match the value specified in %(Link.OutputFile). [D:\a\TohoSpec\TohoSpec\SRC\Hook\HOOK.vcxproj]
     3>D:\a\TohoSpec\TohoSpec\SRC\ConfigFile\IniFile.cpp(1457,3): warning C4996: 'sprintf': This function or variable may be unsafe. Consider using sprintf_s instead. To disable deprecation, use _CRT_SECURE_NO_WARNINGS. See online help for details. [D:\a\TohoSpec\TohoSpec\SRC\ConfigFile\ConfigFile.vcxproj]
     3>D:\a\TohoSpec\TohoSpec\SRC\ConfigFile\IniFile.cpp(1465,3): warning C4996: 'sprintf': This function or variable may be unsafe. Consider using sprintf_s instead. To disable deprecation, use _CRT_SECURE_NO_WARNINGS. See online help for details. [D:\a\TohoSpec\TohoSpec\SRC\ConfigFile\ConfigFile.vcxproj]
     3>D:\a\TohoSpec\TohoSpec\SRC\ConfigFile\IniFile.cpp(1472,3): warning C4996: 'sprintf': This function or variable may be unsafe. Consider using sprintf_s instead. To disable deprecation, use _CRT_SECURE_NO_WARNINGS. See online help for details. [D:\a\TohoSpec\TohoSpec\SRC\ConfigFile\ConfigFile.vcxproj]
     3>D:\a\TohoSpec\TohoSpec\SRC\ConfigFile\IniFile.cpp(1478,3): warning C4996: 'sprintf': This function or variable may be unsafe. Consider using sprintf_s instead. To disable deprecation, use _CRT_SECURE_NO_WARNINGS. See online help for details. [D:\a\TohoSpec\TohoSpec\SRC\ConfigFile\ConfigFile.vcxproj]
     5>C:\Program Files\Microsoft Visual Studio\2022\Enterprise\MSBuild\Microsoft\VC\v170\Microsoft.CppBuild.targets(1402,5): warning MSB8012: TargetPath(D:\a\TohoSpec\TohoSpec\SRC\Deskew\Debug\DESKEW.dll) does not match the Linker's OutputFile property value (D:\a\TohoSpec\TohoSpec\DLL\dTnsDeskew.dll). This may cause your project to build incorrectly. To correct this, please make sure that $(OutDir), $(TargetName) and $(TargetExt) property values match the value specified in %(Link.OutputFile). [D:\a\TohoSpec\TohoSpec\SRC\Deskew\DESKEW.vcxproj]
     5>C:\Program Files\Microsoft Visual Studio\2022\Enterprise\MSBuild\Microsoft\VC\v170\Microsoft.CppBuild.targets(1404,5): warning MSB8012: TargetName(DESKEW) does not match the Linker's OutputFile property value (dTnsDeskew). This may cause your project to build incorrectly. To correct this, please make sure that $(OutDir), $(TargetName) and $(TargetExt) property values match the value specified in %(Link.OutputFile). [D:\a\TohoSpec\TohoSpec\SRC\Deskew\DESKEW.vcxproj]
     3>D:\a\TohoSpec\TohoSpec\SRC\ConfigFile\IniFile.cpp(1485,3): warning C4996: 'sprintf': This function or variable may be unsafe. Consider using sprintf_s instead. To disable deprecation, use _CRT_SECURE_NO_WARNINGS. See online help for details. [D:\a\TohoSpec\TohoSpec\SRC\ConfigFile\ConfigFile.vcxproj]
     9>D:\a\TohoSpec\TohoSpec\INC\DllMutex.hxx(18,3): warning C4996: 'strcpy': This function or variable may be unsafe. Consider using strcpy_s instead. To disable deprecation, use _CRT_SECURE_NO_WARNINGS. See online help for details. [D:\a\TohoSpec\TohoSpec\SRC\NEXIF\NEXIF.vcxproj]
     3>D:\a\TohoSpec\TohoSpec\SRC\ConfigFile\IniFile.cpp(1493,3): warning C4996: 'sprintf': This function or variable may be unsafe. Consider using sprintf_s instead. To disable deprecation, use _CRT_SECURE_NO_WARNINGS. See online help for details. [D:\a\TohoSpec\TohoSpec\SRC\ConfigFile\ConfigFile.vcxproj]
     9>D:\a\TohoSpec\TohoSpec\INC\DllMutex.hxx(20,2): warning C4996: 'strcat': This function or variable may be unsafe. Consider using strcat_s instead. To disable deprecation, use _CRT_SECURE_NO_WARNINGS. See online help for details. [D:\a\TohoSpec\TohoSpec\SRC\NEXIF\NEXIF.vcxproj]
     9>D:\a\TohoSpec\TohoSpec\INC\DllMutex.hxx(21,2): warning C4996: 'strcat': This function or variable may be unsafe. Consider using strcat_s instead. To disable deprecation, use _CRT_SECURE_NO_WARNINGS. See online help for details. [D:\a\TohoSpec\TohoSpec\SRC\NEXIF\NEXIF.vcxproj]
     3>D:\a\TohoSpec\TohoSpec\SRC\ConfigFile\IniFile.cpp(1501,3): warning C4996: 'sprintf': This function or variable may be unsafe. Consider using sprintf_s instead. To disable deprecation, use _CRT_SECURE_NO_WARNINGS. See online help for details. [D:\a\TohoSpec\TohoSpec\SRC\ConfigFile\ConfigFile.vcxproj]
     3>D:\a\TohoSpec\TohoSpec\SRC\ConfigFile\IniFile.cpp(1523,3): warning C4996: 'sprintf': This function or variable may be unsafe. Consider using sprintf_s instead. To disable deprecation, use _CRT_SECURE_NO_WARNINGS. See online help for details. [D:\a\TohoSpec\TohoSpec\SRC\ConfigFile\ConfigFile.vcxproj]
     3>D:\a\TohoSpec\TohoSpec\SRC\ConfigFile\IniFile.cpp(1532,3): warning C4996: 'sprintf': This function or variable may be unsafe. Consider using sprintf_s instead. To disable deprecation, use _CRT_SECURE_NO_WARNINGS. See online help for details. [D:\a\TohoSpec\TohoSpec\SRC\ConfigFile\ConfigFile.vcxproj]
     3>D:\a\TohoSpec\TohoSpec\SRC\ConfigFile\IniFile.cpp(1540,3): warning C4996: 'sprintf': This function or variable may be unsafe. Consider using sprintf_s instead. To disable deprecation, use _CRT_SECURE_NO_WARNINGS. See online help for details. [D:\a\TohoSpec\TohoSpec\SRC\ConfigFile\ConfigFile.vcxproj]
    10>D:\a\TohoSpec\TohoSpec\INC\DllMutex.hxx(18,3): warning C4996: 'strcpy': This function or variable may be unsafe. Consider using strcpy_s instead. To disable deprecation, use _CRT_SECURE_NO_WARNINGS. See online help for details. [D:\a\TohoSpec\TohoSpec\SRC\NEXINI\NEXINI.vcxproj]
    10>D:\a\TohoSpec\TohoSpec\INC\DllMutex.hxx(20,2): warning C4996: 'strcat': This function or variable may be unsafe. Consider using strcat_s instead. To disable deprecation, use _CRT_SECURE_NO_WARNINGS. See online help for details. [D:\a\TohoSpec\TohoSpec\SRC\NEXINI\NEXINI.vcxproj]
    10>D:\a\TohoSpec\TohoSpec\INC\DllMutex.hxx(21,2): warning C4996: 'strcat': This function or variable may be unsafe. Consider using strcat_s instead. To disable deprecation, use _CRT_SECURE_NO_WARNINGS. See online help for details. [D:\a\TohoSpec\TohoSpec\SRC\NEXINI\NEXINI.vcxproj]
    10>D:\a\TohoSpec\TohoSpec\SRC\NEXINI\NEXINI.CPP(95,4): warning C4996: '_splitpath': This function or variable may be unsafe. Consider using _splitpath_s instead. To disable deprecation, use _CRT_SECURE_NO_WARNINGS. See online help for details. [D:\a\TohoSpec\TohoSpec\SRC\NEXINI\NEXINI.vcxproj]
    10>D:\a\TohoSpec\TohoSpec\SRC\NEXINI\NEXINI.CPP(96,4): warning C4996: 'sprintf': This function or variable may be unsafe. Consider using sprintf_s instead. To disable deprecation, use _CRT_SECURE_NO_WARNINGS. See online help for details. [D:\a\TohoSpec\TohoSpec\SRC\NEXINI\NEXINI.vcxproj]
    10>D:\a\TohoSpec\TohoSpec\SRC\NEXINI\NEXINI.CPP(99,6): warning C4996: 'strcat': This function or variable may be unsafe. Consider using strcat_s instead. To disable deprecation, use _CRT_SECURE_NO_WARNINGS. See online help for details. [D:\a\TohoSpec\TohoSpec\SRC\NEXINI\NEXINI.vcxproj]
    10>D:\a\TohoSpec\TohoSpec\SRC\NEXINI\NEXINI.CPP(104,3): warning C4996: 'sprintf': This function or variable may be unsafe. Consider using sprintf_s instead. To disable deprecation, use _CRT_SECURE_NO_WARNINGS. See online help for details. [D:\a\TohoSpec\TohoSpec\SRC\NEXINI\NEXINI.vcxproj]
     3>D:\a\TohoSpec\TohoSpec\SRC\ConfigFile\IniFile.cpp(1550,2): warning C4996: 'strcpy': This function or variable may be unsafe. Consider using strcpy_s instead. To disable deprecation, use _CRT_SECURE_NO_WARNINGS. See online help for details. [D:\a\TohoSpec\TohoSpec\SRC\ConfigFile\ConfigFile.vcxproj]
     3>D:\a\TohoSpec\TohoSpec\SRC\ConfigFile\IniFile.cpp(1551,2): warning C4996: 'sprintf': This function or variable may be unsafe. Consider using sprintf_s instead. To disable deprecation, use _CRT_SECURE_NO_WARNINGS. See online help for details. [D:\a\TohoSpec\TohoSpec\SRC\ConfigFile\ConfigFile.vcxproj]
     3>D:\a\TohoSpec\TohoSpec\SRC\ConfigFile\IniFile.cpp(1569,4): warning C4996: 'sprintf': This function or variable may be unsafe. Consider using sprintf_s instead. To disable deprecation, use _CRT_SECURE_NO_WARNINGS. See online help for details. [D:\a\TohoSpec\TohoSpec\SRC\ConfigFile\ConfigFile.vcxproj]
     3>D:\a\TohoSpec\TohoSpec\SRC\ConfigFile\IniFile.cpp(1574,4): warning C4996: 'sprintf': This function or variable may be unsafe. Consider using sprintf_s instead. To disable deprecation, use _CRT_SECURE_NO_WARNINGS. See online help for details. [D:\a\TohoSpec\TohoSpec\SRC\ConfigFile\ConfigFile.vcxproj]
     3>D:\a\TohoSpec\TohoSpec\SRC\ConfigFile\IniFile.cpp(1602,5): warning C4996: 'sprintf': This function or variable may be unsafe. Consider using sprintf_s instead. To disable deprecation, use _CRT_SECURE_NO_WARNINGS. See online help for details. [D:\a\TohoSpec\TohoSpec\SRC\ConfigFile\ConfigFile.vcxproj]
     3>D:\a\TohoSpec\TohoSpec\SRC\ConfigFile\IniFile.cpp(1606,5): warning C4996: 'sprintf': This function or variable may be unsafe. Consider using sprintf_s instead. To disable deprecation, use _CRT_SECURE_NO_WARNINGS. See online help for details. [D:\a\TohoSpec\TohoSpec\SRC\ConfigFile\ConfigFile.vcxproj]
     3>D:\a\TohoSpec\TohoSpec\SRC\ConfigFile\IniFile.cpp(1612,5): warning C4996: 'sprintf': This function or variable may be unsafe. Consider using sprintf_s instead. To disable deprecation, use _CRT_SECURE_NO_WARNINGS. See online help for details. [D:\a\TohoSpec\TohoSpec\SRC\ConfigFile\ConfigFile.vcxproj]
     3>D:\a\TohoSpec\TohoSpec\SRC\ConfigFile\IniFile.cpp(1616,5): warning C4996: 'sprintf': This function or variable may be unsafe. Consider using sprintf_s instead. To disable deprecation, use _CRT_SECURE_NO_WARNINGS. See online help for details. [D:\a\TohoSpec\TohoSpec\SRC\ConfigFile\ConfigFile.vcxproj]
     3>D:\a\TohoSpec\TohoSpec\SRC\ConfigFile\IniFile.cpp(1629,5): warning C4996: 'sprintf': This function or variable may be unsafe. Consider using sprintf_s instead. To disable deprecation, use _CRT_SECURE_NO_WARNINGS. See online help for details. [D:\a\TohoSpec\TohoSpec\SRC\ConfigFile\ConfigFile.vcxproj]
     3>D:\a\TohoSpec\TohoSpec\SRC\ConfigFile\IniFile.cpp(1633,5): warning C4996: 'sprintf': This function or variable may be unsafe. Consider using sprintf_s instead. To disable deprecation, use _CRT_SECURE_NO_WARNINGS. See online help for details. [D:\a\TohoSpec\TohoSpec\SRC\ConfigFile\ConfigFile.vcxproj]
     3>D:\a\TohoSpec\TohoSpec\SRC\ConfigFile\IniFile.cpp(1637,5): warning C4996: 'sprintf': This function or variable may be unsafe. Consider using sprintf_s instead. To disable deprecation, use _CRT_SECURE_NO_WARNINGS. See online help for details. [D:\a\TohoSpec\TohoSpec\SRC\ConfigFile\ConfigFile.vcxproj]
     3>D:\a\TohoSpec\TohoSpec\SRC\ConfigFile\IniFile.cpp(1652,4): warning C4996: 'sprintf': This function or variable may be unsafe. Consider using sprintf_s instead. To disable deprecation, use _CRT_SECURE_NO_WARNINGS. See online help for details. [D:\a\TohoSpec\TohoSpec\SRC\ConfigFile\ConfigFile.vcxproj]
     3>D:\a\TohoSpec\TohoSpec\SRC\ConfigFile\IniFile.cpp(1657,5): warning C4996: 'sprintf': This function or variable may be unsafe. Consider using sprintf_s instead. To disable deprecation, use _CRT_SECURE_NO_WARNINGS. See online help for details. [D:\a\TohoSpec\TohoSpec\SRC\ConfigFile\ConfigFile.vcxproj]
     3>D:\a\TohoSpec\TohoSpec\SRC\ConfigFile\IniFile.cpp(1660,5): warning C4996: 'sprintf': This function or variable may be unsafe. Consider using sprintf_s instead. To disable deprecation, use _CRT_SECURE_NO_WARNINGS. See online help for details. [D:\a\TohoSpec\TohoSpec\SRC\ConfigFile\ConfigFile.vcxproj]
     3>D:\a\TohoSpec\TohoSpec\SRC\ConfigFile\IniFile.cpp(1664,5): warning C4996: 'sprintf': This function or variable may be unsafe. Consider using sprintf_s instead. To disable deprecation, use _CRT_SECURE_NO_WARNINGS. See online help for details. [D:\a\TohoSpec\TohoSpec\SRC\ConfigFile\ConfigFile.vcxproj]
     3>D:\a\TohoSpec\TohoSpec\SRC\ConfigFile\IniFile.cpp(1668,5): warning C4996: 'sprintf': This function or variable may be unsafe. Consider using sprintf_s instead. To disable deprecation, use _CRT_SECURE_NO_WARNINGS. See online help for details. [D:\a\TohoSpec\TohoSpec\SRC\ConfigFile\ConfigFile.vcxproj]
     3>D:\a\TohoSpec\TohoSpec\SRC\ConfigFile\IniFile.cpp(1671,5): warning C4996: 'sprintf': This function or variable may be unsafe. Consider using sprintf_s instead. To disable deprecation, use _CRT_SECURE_NO_WARNINGS. See online help for details. [D:\a\TohoSpec\TohoSpec\SRC\ConfigFile\ConfigFile.vcxproj]
     3>D:\a\TohoSpec\TohoSpec\SRC\ConfigFile\IniFile.cpp(1674,5): warning C4996: 'sprintf': This function or variable may be unsafe. Consider using sprintf_s instead. To disable deprecation, use _CRT_SECURE_NO_WARNINGS. See online help for details. [D:\a\TohoSpec\TohoSpec\SRC\ConfigFile\ConfigFile.vcxproj]
     3>D:\a\TohoSpec\TohoSpec\SRC\ConfigFile\IniFile.cpp(1728,5): warning C4996: 'sprintf': This function or variable may be unsafe. Consider using sprintf_s instead. To disable deprecation, use _CRT_SECURE_NO_WARNINGS. See online help for details. [D:\a\TohoSpec\TohoSpec\SRC\ConfigFile\ConfigFile.vcxproj]
     3>D:\a\TohoSpec\TohoSpec\SRC\ConfigFile\IniFile.cpp(1764,5): warning C4996: 'sprintf': This function or variable may be unsafe. Consider using sprintf_s instead. To disable deprecation, use _CRT_SECURE_NO_WARNINGS. See online help for details. [D:\a\TohoSpec\TohoSpec\SRC\ConfigFile\ConfigFile.vcxproj]
     3>D:\a\TohoSpec\TohoSpec\SRC\ConfigFile\IniFile.cpp(1790,5): warning C4996: 'sprintf': This function or variable may be unsafe. Consider using sprintf_s instead. To disable deprecation, use _CRT_SECURE_NO_WARNINGS. See online help for details. [D:\a\TohoSpec\TohoSpec\SRC\ConfigFile\ConfigFile.vcxproj]
     3>D:\a\TohoSpec\TohoSpec\SRC\ConfigFile\IniFile.cpp(1803,4): warning C4996: 'strcpy': This function or variable may be unsafe. Consider using strcpy_s instead. To disable deprecation, use _CRT_SECURE_NO_WARNINGS. See online help for details. [D:\a\TohoSpec\TohoSpec\SRC\ConfigFile\ConfigFile.vcxproj]
     3>D:\a\TohoSpec\TohoSpec\SRC\ConfigFile\IniFile.cpp(1806,4): warning C4996: '_itoa': This function or variable may be unsafe. Consider using _itoa_s instead. To disable deprecation, use _CRT_SECURE_NO_WARNINGS. See online help for details. [D:\a\TohoSpec\TohoSpec\SRC\ConfigFile\ConfigFile.vcxproj]
     3>D:\a\TohoSpec\TohoSpec\SRC\ConfigFile\IniFile.cpp(1809,4): warning C4996: '_itoa': This function or variable may be unsafe. Consider using _itoa_s instead. To disable deprecation, use _CRT_SECURE_NO_WARNINGS. See online help for details. [D:\a\TohoSpec\TohoSpec\SRC\ConfigFile\ConfigFile.vcxproj]
     3>D:\a\TohoSpec\TohoSpec\SRC\ConfigFile\IniFile.cpp(1812,4): warning C4996: '_itoa': This function or variable may be unsafe. Consider using _itoa_s instead. To disable deprecation, use _CRT_SECURE_NO_WARNINGS. See online help for details. [D:\a\TohoSpec\TohoSpec\SRC\ConfigFile\ConfigFile.vcxproj]
     3>D:\a\TohoSpec\TohoSpec\SRC\ConfigFile\IniFile.cpp(1815,4): warning C4996: '_ltoa': This function or variable may be unsafe. Consider using _ltoa_s instead. To disable deprecation, use _CRT_SECURE_NO_WARNINGS. See online help for details. [D:\a\TohoSpec\TohoSpec\SRC\ConfigFile\ConfigFile.vcxproj]
     3>D:\a\TohoSpec\TohoSpec\SRC\ConfigFile\IniFile.cpp(1818,4): warning C4996: 'sprintf': This function or variable may be unsafe. Consider using sprintf_s instead. To disable deprecation, use _CRT_SECURE_NO_WARNINGS. See online help for details. [D:\a\TohoSpec\TohoSpec\SRC\ConfigFile\ConfigFile.vcxproj]
     3>D:\a\TohoSpec\TohoSpec\SRC\ConfigFile\IniFile.cpp(1821,4): warning C4996: 'sprintf': This function or variable may be unsafe. Consider using sprintf_s instead. To disable deprecation, use _CRT_SECURE_NO_WARNINGS. See online help for details. [D:\a\TohoSpec\TohoSpec\SRC\ConfigFile\ConfigFile.vcxproj]
     3>D:\a\TohoSpec\TohoSpec\SRC\ConfigFile\IniFile.cpp(1825,4): warning C4996: 'sprintf': This function or variable may be unsafe. Consider using sprintf_s instead. To disable deprecation, use _CRT_SECURE_NO_WARNINGS. See online help for details. [D:\a\TohoSpec\TohoSpec\SRC\ConfigFile\ConfigFile.vcxproj]
     3>D:\a\TohoSpec\TohoSpec\SRC\ConfigFile\IniFile.cpp(1830,4): warning C4996: 'sprintf': This function or variable may be unsafe. Consider using sprintf_s instead. To disable deprecation, use _CRT_SECURE_NO_WARNINGS. See online help for details. [D:\a\TohoSpec\TohoSpec\SRC\ConfigFile\ConfigFile.vcxproj]
     3>D:\a\TohoSpec\TohoSpec\SRC\ConfigFile\IniFile.cpp(1834,4): warning C4996: 'sprintf': This function or variable may be unsafe. Consider using sprintf_s instead. To disable deprecation, use _CRT_SECURE_NO_WARNINGS. See online help for details. [D:\a\TohoSpec\TohoSpec\SRC\ConfigFile\ConfigFile.vcxproj]
     3>D:\a\TohoSpec\TohoSpec\SRC\ConfigFile\IniFile.cpp(1837,4): warning C4996: 'strncpy': This function or variable may be unsafe. Consider using strncpy_s instead. To disable deprecation, use _CRT_SECURE_NO_WARNINGS. See online help for details. [D:\a\TohoSpec\TohoSpec\SRC\ConfigFile\ConfigFile.vcxproj]
     3>D:\a\TohoSpec\TohoSpec\SRC\ConfigFile\IniFile.cpp(1871,7): warning C4996: 'sprintf': This function or variable may be unsafe. Consider using sprintf_s instead. To disable deprecation, use _CRT_SECURE_NO_WARNINGS. See online help for details. [D:\a\TohoSpec\TohoSpec\SRC\ConfigFile\ConfigFile.vcxproj]
     3>D:\a\TohoSpec\TohoSpec\SRC\ConfigFile\IniFile.cpp(1886,7): warning C4996: 'sprintf': This function or variable may be unsafe. Consider using sprintf_s instead. To disable deprecation, use _CRT_SECURE_NO_WARNINGS. See online help for details. [D:\a\TohoSpec\TohoSpec\SRC\ConfigFile\ConfigFile.vcxproj]
     3>D:\a\TohoSpec\TohoSpec\SRC\ConfigFile\IniFile.cpp(1901,7): warning C4996: 'sprintf': This function or variable may be unsafe. Consider using sprintf_s instead. To disable deprecation, use _CRT_SECURE_NO_WARNINGS. See online help for details. [D:\a\TohoSpec\TohoSpec\SRC\ConfigFile\ConfigFile.vcxproj]
     3>D:\a\TohoSpec\TohoSpec\SRC\ConfigFile\IniFile.cpp(1912,6): warning C4996: 'strcpy': This function or variable may be unsafe. Consider using strcpy_s instead. To disable deprecation, use _CRT_SECURE_NO_WARNINGS. See online help for details. [D:\a\TohoSpec\TohoSpec\SRC\ConfigFile\ConfigFile.vcxproj]
     3>D:\a\TohoSpec\TohoSpec\SRC\ConfigFile\IniFile.cpp(1915,6): warning C4996: '_itoa': This function or variable may be unsafe. Consider using _itoa_s instead. To disable deprecation, use _CRT_SECURE_NO_WARNINGS. See online help for details. [D:\a\TohoSpec\TohoSpec\SRC\ConfigFile\ConfigFile.vcxproj]
     3>D:\a\TohoSpec\TohoSpec\SRC\ConfigFile\IniFile.cpp(1918,6): warning C4996: '_itoa': This function or variable may be unsafe. Consider using _itoa_s instead. To disable deprecation, use _CRT_SECURE_NO_WARNINGS. See online help for details. [D:\a\TohoSpec\TohoSpec\SRC\ConfigFile\ConfigFile.vcxproj]
     3>D:\a\TohoSpec\TohoSpec\SRC\ConfigFile\IniFile.cpp(1921,6): warning C4996: '_itoa': This function or variable may be unsafe. Consider using _itoa_s instead. To disable deprecation, use _CRT_SECURE_NO_WARNINGS. See online help for details. [D:\a\TohoSpec\TohoSpec\SRC\ConfigFile\ConfigFile.vcxproj]
     3>D:\a\TohoSpec\TohoSpec\SRC\ConfigFile\IniFile.cpp(1924,6): warning C4996: '_ltoa': This function or variable may be unsafe. Consider using _ltoa_s instead. To disable deprecation, use _CRT_SECURE_NO_WARNINGS. See online help for details. [D:\a\TohoSpec\TohoSpec\SRC\ConfigFile\ConfigFile.vcxproj]
     3>D:\a\TohoSpec\TohoSpec\SRC\ConfigFile\IniFile.cpp(1927,6): warning C4996: 'sprintf': This function or variable may be unsafe. Consider using sprintf_s instead. To disable deprecation, use _CRT_SECURE_NO_WARNINGS. See online help for details. [D:\a\TohoSpec\TohoSpec\SRC\ConfigFile\ConfigFile.vcxproj]
     3>D:\a\TohoSpec\TohoSpec\SRC\ConfigFile\IniFile.cpp(1930,6): warning C4996: 'sprintf': This function or variable may be unsafe. Consider using sprintf_s instead. To disable deprecation, use _CRT_SECURE_NO_WARNINGS. See online help for details. [D:\a\TohoSpec\TohoSpec\SRC\ConfigFile\ConfigFile.vcxproj]
     3>D:\a\TohoSpec\TohoSpec\SRC\ConfigFile\IniFile.cpp(1934,6): warning C4996: 'sprintf': This function or variable may be unsafe. Consider using sprintf_s instead. To disable deprecation, use _CRT_SECURE_NO_WARNINGS. See online help for details. [D:\a\TohoSpec\TohoSpec\SRC\ConfigFile\ConfigFile.vcxproj]
     3>D:\a\TohoSpec\TohoSpec\SRC\ConfigFile\IniFile.cpp(1939,6): warning C4996: 'sprintf': This function or variable may be unsafe. Consider using sprintf_s instead. To disable deprecation, use _CRT_SECURE_NO_WARNINGS. See online help for details. [D:\a\TohoSpec\TohoSpec\SRC\ConfigFile\ConfigFile.vcxproj]
     3>D:\a\TohoSpec\TohoSpec\SRC\ConfigFile\IniFile.cpp(1943,6): warning C4996: 'sprintf': This function or variable may be unsafe. Consider using sprintf_s instead. To disable deprecation, use _CRT_SECURE_NO_WARNINGS. See online help for details. [D:\a\TohoSpec\TohoSpec\SRC\ConfigFile\ConfigFile.vcxproj]
     3>D:\a\TohoSpec\TohoSpec\SRC\ConfigFile\IniFile.cpp(1946,6): warning C4996: 'strncpy': This function or variable may be unsafe. Consider using strncpy_s instead. To disable deprecation, use _CRT_SECURE_NO_WARNINGS. See online help for details. [D:\a\TohoSpec\TohoSpec\SRC\ConfigFile\ConfigFile.vcxproj]
     3>D:\a\TohoSpec\TohoSpec\SRC\ConfigFile\IniFile.cpp(1971,3): warning C4996: 'sprintf': This function or variable may be unsafe. Consider using sprintf_s instead. To disable deprecation, use _CRT_SECURE_NO_WARNINGS. See online help for details. [D:\a\TohoSpec\TohoSpec\SRC\ConfigFile\ConfigFile.vcxproj]
     3>D:\a\TohoSpec\TohoSpec\SRC\ConfigFile\IniFile.cpp(1976,4): warning C4996: 'sprintf': This function or variable may be unsafe. Consider using sprintf_s instead. To disable deprecation, use _CRT_SECURE_NO_WARNINGS. See online help for details. [D:\a\TohoSpec\TohoSpec\SRC\ConfigFile\ConfigFile.vcxproj]
     3>D:\a\TohoSpec\TohoSpec\SRC\ConfigFile\IniFile.cpp(1977,4): warning C4996: 'sprintf': This function or variable may be unsafe. Consider using sprintf_s instead. To disable deprecation, use _CRT_SECURE_NO_WARNINGS. See online help for details. [D:\a\TohoSpec\TohoSpec\SRC\ConfigFile\ConfigFile.vcxproj]
     3>D:\a\TohoSpec\TohoSpec\SRC\ConfigFile\IniFile.cpp(1979,4): warning C4996: 'sprintf': This function or variable may be unsafe. Consider using sprintf_s instead. To disable deprecation, use _CRT_SECURE_NO_WARNINGS. See online help for details. [D:\a\TohoSpec\TohoSpec\SRC\ConfigFile\ConfigFile.vcxproj]
     3>D:\a\TohoSpec\TohoSpec\SRC\ConfigFile\IniFile.cpp(1980,4): warning C4996: 'sprintf': This function or variable may be unsafe. Consider using sprintf_s instead. To disable deprecation, use _CRT_SECURE_NO_WARNINGS. See online help for details. [D:\a\TohoSpec\TohoSpec\SRC\ConfigFile\ConfigFile.vcxproj]
     3>D:\a\TohoSpec\TohoSpec\SRC\ConfigFile\IniFile.cpp(1982,4): warning C4996: 'sprintf': This function or variable may be unsafe. Consider using sprintf_s instead. To disable deprecation, use _CRT_SECURE_NO_WARNINGS. See online help for details. [D:\a\TohoSpec\TohoSpec\SRC\ConfigFile\ConfigFile.vcxproj]
     3>D:\a\TohoSpec\TohoSpec\SRC\ConfigFile\IniFile.cpp(1983,4): warning C4996: 'sprintf': This function or variable may be unsafe. Consider using sprintf_s instead. To disable deprecation, use _CRT_SECURE_NO_WARNINGS. See online help for details. [D:\a\TohoSpec\TohoSpec\SRC\ConfigFile\ConfigFile.vcxproj]
     3>D:\a\TohoSpec\TohoSpec\SRC\ConfigFile\IniFile.cpp(1987,4): warning C4996: 'sprintf': This function or variable may be unsafe. Consider using sprintf_s instead. To disable deprecation, use _CRT_SECURE_NO_WARNINGS. See online help for details. [D:\a\TohoSpec\TohoSpec\SRC\ConfigFile\ConfigFile.vcxproj]
     3>D:\a\TohoSpec\TohoSpec\SRC\ConfigFile\IniFile.cpp(1989,4): warning C4996: 'sprintf': This function or variable may be unsafe. Consider using sprintf_s instead. To disable deprecation, use _CRT_SECURE_NO_WARNINGS. See online help for details. [D:\a\TohoSpec\TohoSpec\SRC\ConfigFile\ConfigFile.vcxproj]
     3>D:\a\TohoSpec\TohoSpec\SRC\ConfigFile\IniFile.cpp(1991,4): warning C4996: 'sprintf': This function or variable may be unsafe. Consider using sprintf_s instead. To disable deprecation, use _CRT_SECURE_NO_WARNINGS. See online help for details. [D:\a\TohoSpec\TohoSpec\SRC\ConfigFile\ConfigFile.vcxproj]
     3>D:\a\TohoSpec\TohoSpec\SRC\ConfigFile\ConfigFile.cpp(34,3): warning C4996: '_splitpath': This function or variable may be unsafe. Consider using _splitpath_s instead. To disable deprecation, use _CRT_SECURE_NO_WARNINGS. See online help for details. [D:\a\TohoSpec\TohoSpec\SRC\ConfigFile\ConfigFile.vcxproj]
     3>D:\a\TohoSpec\TohoSpec\SRC\ConfigFile\ConfigFile.cpp(44,3): warning C4996: 'sprintf': This function or variable may be unsafe. Consider using sprintf_s instead. To disable deprecation, use _CRT_SECURE_NO_WARNINGS. See online help for details. [D:\a\TohoSpec\TohoSpec\SRC\ConfigFile\ConfigFile.vcxproj]
     3>D:\a\TohoSpec\TohoSpec\SRC\ConfigFile\ConfigFile.cpp(47,5): warning C4996: 'strcat': This function or variable may be unsafe. Consider using strcat_s instead. To disable deprecation, use _CRT_SECURE_NO_WARNINGS. See online help for details. [D:\a\TohoSpec\TohoSpec\SRC\ConfigFile\ConfigFile.vcxproj]
     3>D:\a\TohoSpec\TohoSpec\SRC\ConfigFile\ConfigFile.cpp(54,3): warning C4996: 'sprintf': This function or variable may be unsafe. Consider using sprintf_s instead. To disable deprecation, use _CRT_SECURE_NO_WARNINGS. See online help for details. [D:\a\TohoSpec\TohoSpec\SRC\ConfigFile\ConfigFile.vcxproj]
     3>D:\a\TohoSpec\TohoSpec\SRC\ConfigFile\ConfigFile.cpp(57,4): warning C4996: 'strcat': This function or variable may be unsafe. Consider using strcat_s instead. To disable deprecation, use _CRT_SECURE_NO_WARNINGS. See online help for details. [D:\a\TohoSpec\TohoSpec\SRC\ConfigFile\ConfigFile.vcxproj]
     3>D:\a\TohoSpec\TohoSpec\INC\DllMutex.hxx(18,3): warning C4996: 'strcpy': This function or variable may be unsafe. Consider using strcpy_s instead. To disable deprecation, use _CRT_SECURE_NO_WARNINGS. See online help for details. [D:\a\TohoSpec\TohoSpec\SRC\ConfigFile\ConfigFile.vcxproj]
     3>D:\a\TohoSpec\TohoSpec\INC\DllMutex.hxx(20,2): warning C4996: 'strcat': This function or variable may be unsafe. Consider using strcat_s instead. To disable deprecation, use _CRT_SECURE_NO_WARNINGS. See online help for details. [D:\a\TohoSpec\TohoSpec\SRC\ConfigFile\ConfigFile.vcxproj]
     3>D:\a\TohoSpec\TohoSpec\INC\DllMutex.hxx(21,2): warning C4996: 'strcat': This function or variable may be unsafe. Consider using strcat_s instead. To disable deprecation, use _CRT_SECURE_NO_WARNINGS. See online help for details. [D:\a\TohoSpec\TohoSpec\SRC\ConfigFile\ConfigFile.vcxproj]
     3>D:\a\TohoSpec\TohoSpec\SRC\ConfigFile\ConfigFile.cpp(89,3): warning C4996: 'strcpy': This function or variable may be unsafe. Consider using strcpy_s instead. To disable deprecation, use _CRT_SECURE_NO_WARNINGS. See online help for details. [D:\a\TohoSpec\TohoSpec\SRC\ConfigFile\ConfigFile.vcxproj]
     3>D:\a\TohoSpec\TohoSpec\SRC\ConfigFile\ConfigFile.cpp(95,5): warning C4996: 'strcpy': This function or variable may be unsafe. Consider using strcpy_s instead. To disable deprecation, use _CRT_SECURE_NO_WARNINGS. See online help for details. [D:\a\TohoSpec\TohoSpec\SRC\ConfigFile\ConfigFile.vcxproj]
     3>D:\a\TohoSpec\TohoSpec\SRC\ConfigFile\ConfigFile.cpp(98,5): warning C4996: 'strcat': This function or variable may be unsafe. Consider using strcat_s instead. To disable deprecation, use _CRT_SECURE_NO_WARNINGS. See online help for details. [D:\a\TohoSpec\TohoSpec\SRC\ConfigFile\ConfigFile.vcxproj]
     3>D:\a\TohoSpec\TohoSpec\SRC\ConfigFile\ConfigFile.cpp(99,5): warning C4996: 'strcat': This function or variable may be unsafe. Consider using strcat_s instead. To disable deprecation, use _CRT_SECURE_NO_WARNINGS. See online help for details. [D:\a\TohoSpec\TohoSpec\SRC\ConfigFile\ConfigFile.vcxproj]
     3>D:\a\TohoSpec\TohoSpec\SRC\ConfigFile\ConfigFile.cpp(102,3): warning C4996: 'sprintf': This function or variable may be unsafe. Consider using sprintf_s instead. To disable deprecation, use _CRT_SECURE_NO_WARNINGS. See online help for details. [D:\a\TohoSpec\TohoSpec\SRC\ConfigFile\ConfigFile.vcxproj]
    10>D:\a\TohoSpec\TohoSpec\INC\profile.hxx(166,4): warning C4996: 'strcpy': This function or variable may be unsafe. Consider using strcpy_s instead. To disable deprecation, use _CRT_SECURE_NO_WARNINGS. See online help for details. [D:\a\TohoSpec\TohoSpec\SRC\NEXINI\NEXINI.vcxproj]
    10>D:\a\TohoSpec\TohoSpec\INC\profile.hxx(169,4): warning C4996: '_itoa': This function or variable may be unsafe. Consider using _itoa_s instead. To disable deprecation, use _CRT_SECURE_NO_WARNINGS. See online help for details. [D:\a\TohoSpec\TohoSpec\SRC\NEXINI\NEXINI.vcxproj]
    10>D:\a\TohoSpec\TohoSpec\INC\profile.hxx(172,4): warning C4996: '_itoa': This function or variable may be unsafe. Consider using _itoa_s instead. To disable deprecation, use _CRT_SECURE_NO_WARNINGS. See online help for details. [D:\a\TohoSpec\TohoSpec\SRC\NEXINI\NEXINI.vcxproj]
    10>D:\a\TohoSpec\TohoSpec\INC\profile.hxx(175,4): warning C4996: '_itoa': This function or variable may be unsafe. Consider using _itoa_s instead. To disable deprecation, use _CRT_SECURE_NO_WARNINGS. See online help for details. [D:\a\TohoSpec\TohoSpec\SRC\NEXINI\NEXINI.vcxproj]
    10>D:\a\TohoSpec\TohoSpec\INC\profile.hxx(178,4): warning C4996: '_itoa': This function or variable may be unsafe. Consider using _itoa_s instead. To disable deprecation, use _CRT_SECURE_NO_WARNINGS. See online help for details. [D:\a\TohoSpec\TohoSpec\SRC\NEXINI\NEXINI.vcxproj]
    10>D:\a\TohoSpec\TohoSpec\INC\profile.hxx(181,4): warning C4996: '_itoa': This function or variable may be unsafe. Consider using _itoa_s instead. To disable deprecation, use _CRT_SECURE_NO_WARNINGS. See online help for details. [D:\a\TohoSpec\TohoSpec\SRC\NEXINI\NEXINI.vcxproj]
    10>D:\a\TohoSpec\TohoSpec\INC\profile.hxx(184,4): warning C4996: '_ltoa': This function or variable may be unsafe. Consider using _ltoa_s instead. To disable deprecation, use _CRT_SECURE_NO_WARNINGS. See online help for details. [D:\a\TohoSpec\TohoSpec\SRC\NEXINI\NEXINI.vcxproj]
    10>D:\a\TohoSpec\TohoSpec\INC\profile.hxx(187,4): warning C4996: '_ltoa': This function or variable may be unsafe. Consider using _ltoa_s instead. To disable deprecation, use _CRT_SECURE_NO_WARNINGS. See online help for details. [D:\a\TohoSpec\TohoSpec\SRC\NEXINI\NEXINI.vcxproj]
    10>D:\a\TohoSpec\TohoSpec\INC\profile.hxx(190,4): warning C4996: 'sprintf': This function or variable may be unsafe. Consider using sprintf_s instead. To disable deprecation, use _CRT_SECURE_NO_WARNINGS. See online help for details. [D:\a\TohoSpec\TohoSpec\SRC\NEXINI\NEXINI.vcxproj]
    10>D:\a\TohoSpec\TohoSpec\INC\profile.hxx(193,4): warning C4996: 'sprintf': This function or variable may be unsafe. Consider using sprintf_s instead. To disable deprecation, use _CRT_SECURE_NO_WARNINGS. See online help for details. [D:\a\TohoSpec\TohoSpec\SRC\NEXINI\NEXINI.vcxproj]
    10>D:\a\TohoSpec\TohoSpec\INC\profile.hxx(196,4): warning C4996: '_tcsncpy': This function or variable may be unsafe. Consider using _tcsncpy_s instead. To disable deprecation, use _CRT_SECURE_NO_WARNINGS. See online help for details. [D:\a\TohoSpec\TohoSpec\SRC\NEXINI\NEXINI.vcxproj]
    10>D:\a\TohoSpec\TohoSpec\INC\profile.hxx(257,4): warning C4996: 'strcpy': This function or variable may be unsafe. Consider using strcpy_s instead. To disable deprecation, use _CRT_SECURE_NO_WARNINGS. See online help for details. [D:\a\TohoSpec\TohoSpec\SRC\NEXINI\NEXINI.vcxproj]
     3>C:\Program Files\Microsoft Visual Studio\2022\Enterprise\MSBuild\Microsoft\VC\v170\Microsoft.CppBuild.targets(1402,5): warning MSB8012: TargetPath(D:\a\TohoSpec\TohoSpec\SRC\ConfigFile\Debug\ConfigFile.dll) does not match the Linker's OutputFile property value (D:\a\TohoSpec\TohoSpec\DLL\dTnsConfigFile.dll). This may cause your project to build incorrectly. To correct this, please make sure that $(OutDir), $(TargetName) and $(TargetExt) property values match the value specified in %(Link.OutputFile). [D:\a\TohoSpec\TohoSpec\SRC\ConfigFile\ConfigFile.vcxproj]
     3>C:\Program Files\Microsoft Visual Studio\2022\Enterprise\MSBuild\Microsoft\VC\v170\Microsoft.CppBuild.targets(1404,5): warning MSB8012: TargetName(ConfigFile) does not match the Linker's OutputFile property value (dTnsConfigFile). This may cause your project to build incorrectly. To correct this, please make sure that $(OutDir), $(TargetName) and $(TargetExt) property values match the value specified in %(Link.OutputFile). [D:\a\TohoSpec\TohoSpec\SRC\ConfigFile\ConfigFile.vcxproj]
    10>C:\Program Files\Microsoft Visual Studio\2022\Enterprise\MSBuild\Microsoft\VC\v170\Microsoft.CppBuild.targets(1402,5): warning MSB8012: TargetPath(D:\a\TohoSpec\TohoSpec\SRC\NEXINI\Debug\NEXINI.dll) does not match the Linker's OutputFile property value (D:\a\TohoSpec\TohoSpec\dll\dtnsnexini.dll). This may cause your project to build incorrectly. To correct this, please make sure that $(OutDir), $(TargetName) and $(TargetExt) property values match the value specified in %(Link.OutputFile). [D:\a\TohoSpec\TohoSpec\SRC\NEXINI\NEXINI.vcxproj]
    10>C:\Program Files\Microsoft Visual Studio\2022\Enterprise\MSBuild\Microsoft\VC\v170\Microsoft.CppBuild.targets(1404,5): warning MSB8012: TargetName(NEXINI) does not match the Linker's OutputFile property value (dtnsnexini). This may cause your project to build incorrectly. To correct this, please make sure that $(OutDir), $(TargetName) and $(TargetExt) property values match the value specified in %(Link.OutputFile). [D:\a\TohoSpec\TohoSpec\SRC\NEXINI\NEXINI.vcxproj]
    11>cl : command line  warning D9035: option 'Gm' has been deprecated and will be removed in a future release [D:\a\TohoSpec\TohoSpec\SRC\Port_NT\PORT_NT.vcxproj]
    12>cl : command line  warning D9035: option 'Gm' has been deprecated and will be removed in a future release [D:\a\TohoSpec\TohoSpec\SRC\NEXUI\NEXUI.vcxproj]
    12>D:\a\TohoSpec\TohoSpec\INC\NEXMISC.HXX(71,3): warning C4996: '_splitpath': This function or variable may be unsafe. Consider using _splitpath_s instead. To disable deprecation, use _CRT_SECURE_NO_WARNINGS. See online help for details. [D:\a\TohoSpec\TohoSpec\SRC\NEXUI\NEXUI.vcxproj]
    12>D:\a\TohoSpec\TohoSpec\INC\NEXMISC.HXX(72,3): warning C4996: 'sprintf': This function or variable may be unsafe. Consider using sprintf_s instead. To disable deprecation, use _CRT_SECURE_NO_WARNINGS. See online help for details. [D:\a\TohoSpec\TohoSpec\SRC\NEXUI\NEXUI.vcxproj]
    12>D:\a\TohoSpec\TohoSpec\INC\NEXMISC.HXX(75,5): warning C4996: 'strcat': This function or variable may be unsafe. Consider using strcat_s instead. To disable deprecation, use _CRT_SECURE_NO_WARNINGS. See online help for details. [D:\a\TohoSpec\TohoSpec\SRC\NEXUI\NEXUI.vcxproj]
    12>D:\a\TohoSpec\TohoSpec\INC\NEXMISC.HXX(83,35): warning C4996: 'sprintf': This function or variable may be unsafe. Consider using sprintf_s instead. To disable deprecation, use _CRT_SECURE_NO_WARNINGS. See online help for details. [D:\a\TohoSpec\TohoSpec\SRC\NEXUI\NEXUI.vcxproj]
    12>D:\a\TohoSpec\TohoSpec\INC\NEXMISC.HXX(100,3): warning C4996: '_splitpath': This function or variable may be unsafe. Consider using _splitpath_s instead. To disable deprecation, use _CRT_SECURE_NO_WARNINGS. See online help for details. [D:\a\TohoSpec\TohoSpec\SRC\NEXUI\NEXUI.vcxproj]
    12>D:\a\TohoSpec\TohoSpec\INC\NEXMISC.HXX(114,3): warning C4996: 'strcpy': This function or variable may be unsafe. Consider using strcpy_s instead. To disable deprecation, use _CRT_SECURE_NO_WARNINGS. See online help for details. [D:\a\TohoSpec\TohoSpec\SRC\NEXUI\NEXUI.vcxproj]
    12>D:\a\TohoSpec\TohoSpec\INC\NEXMISC.HXX(144,3): warning C4996: 'sprintf': This function or variable may be unsafe. Consider using sprintf_s instead. To disable deprecation, use _CRT_SECURE_NO_WARNINGS. See online help for details. [D:\a\TohoSpec\TohoSpec\SRC\NEXUI\NEXUI.vcxproj]
    12>D:\a\TohoSpec\TohoSpec\INC\NEXMISC.HXX(724,3): warning C4996: '_splitpath': This function or variable may be unsafe. Consider using _splitpath_s instead. To disable deprecation, use _CRT_SECURE_NO_WARNINGS. See online help for details. [D:\a\TohoSpec\TohoSpec\SRC\NEXUI\NEXUI.vcxproj]
    12>D:\a\TohoSpec\TohoSpec\INC\NEXMISC.HXX(781,5): warning C4996: 'unlink': The POSIX name for this item is deprecated. Instead, use the ISO C and C++ conformant name: _unlink. See online help for details. [D:\a\TohoSpec\TohoSpec\SRC\NEXUI\NEXUI.vcxproj]
    12>D:\a\TohoSpec\TohoSpec\SRC\NEXUI\NEXUI.CPP(47,3): warning C4996: '_splitpath': This function or variable may be unsafe. Consider using _splitpath_s instead. To disable deprecation, use _CRT_SECURE_NO_WARNINGS. See online help for details. [D:\a\TohoSpec\TohoSpec\SRC\NEXUI\NEXUI.vcxproj]
    12>D:\a\TohoSpec\TohoSpec\SRC\NEXUI\NEXUI.CPP(48,3): warning C4996: 'sprintf': This function or variable may be unsafe. Consider using sprintf_s instead. To disable deprecation, use _CRT_SECURE_NO_WARNINGS. See online help for details. [D:\a\TohoSpec\TohoSpec\SRC\NEXUI\NEXUI.vcxproj]
    12>D:\a\TohoSpec\TohoSpec\SRC\NEXUI\NEXUI.CPP(51,5): warning C4996: 'strcat': This function or variable may be unsafe. Consider using strcat_s instead. To disable deprecation, use _CRT_SECURE_NO_WARNINGS. See online help for details. [D:\a\TohoSpec\TohoSpec\SRC\NEXUI\NEXUI.vcxproj]
    12>D:\a\TohoSpec\TohoSpec\SRC\NEXUI\NEXUI.CPP(58,3): warning C4996: 'sprintf': This function or variable may be unsafe. Consider using sprintf_s instead. To disable deprecation, use _CRT_SECURE_NO_WARNINGS. See online help for details. [D:\a\TohoSpec\TohoSpec\SRC\NEXUI\NEXUI.vcxproj]
    12>D:\a\TohoSpec\TohoSpec\SRC\NEXUI\NEXUI.CPP(61,4): warning C4996: 'strcat': This function or variable may be unsafe. Consider using strcat_s instead. To disable deprecation, use _CRT_SECURE_NO_WARNINGS. See online help for details. [D:\a\TohoSpec\TohoSpec\SRC\NEXUI\NEXUI.vcxproj]
    12>D:\a\TohoSpec\TohoSpec\INC\DllMutex.hxx(18,3): warning C4996: 'strcpy': This function or variable may be unsafe. Consider using strcpy_s instead. To disable deprecation, use _CRT_SECURE_NO_WARNINGS. See online help for details. [D:\a\TohoSpec\TohoSpec\SRC\NEXUI\NEXUI.vcxproj]
    12>D:\a\TohoSpec\TohoSpec\INC\DllMutex.hxx(20,2): warning C4996: 'strcat': This function or variable may be unsafe. Consider using strcat_s instead. To disable deprecation, use _CRT_SECURE_NO_WARNINGS. See online help for details. [D:\a\TohoSpec\TohoSpec\SRC\NEXUI\NEXUI.vcxproj]
    12>D:\a\TohoSpec\TohoSpec\INC\DllMutex.hxx(21,2): warning C4996: 'strcat': This function or variable may be unsafe. Consider using strcat_s instead. To disable deprecation, use _CRT_SECURE_NO_WARNINGS. See online help for details. [D:\a\TohoSpec\TohoSpec\SRC\NEXUI\NEXUI.vcxproj]
    12>D:\a\TohoSpec\TohoSpec\SRC\NEXUI\NEXUI.CPP(156,2): warning C4996: 'sprintf': This function or variable may be unsafe. Consider using sprintf_s instead. To disable deprecation, use _CRT_SECURE_NO_WARNINGS. See online help for details. [D:\a\TohoSpec\TohoSpec\SRC\NEXUI\NEXUI.vcxproj]
    12>D:\a\TohoSpec\TohoSpec\SRC\NEXUI\NEXUI.CPP(212,4): warning C4996: 'strcpy': This function or variable may be unsafe. Consider using strcpy_s instead. To disable deprecation, use _CRT_SECURE_NO_WARNINGS. See online help for details. [D:\a\TohoSpec\TohoSpec\SRC\NEXUI\NEXUI.vcxproj]
    12>D:\a\TohoSpec\TohoSpec\SRC\NEXUI\NEXUI.CPP(265,2): warning C4996: 'sprintf': This function or variable may be unsafe. Consider using sprintf_s instead. To disable deprecation, use _CRT_SECURE_NO_WARNINGS. See online help for details. [D:\a\TohoSpec\TohoSpec\SRC\NEXUI\NEXUI.vcxproj]
    12>D:\a\TohoSpec\TohoSpec\SRC\NEXUI\NEXUI.CPP(286,4): warning C4996: '_itoa': This function or variable may be unsafe. Consider using _itoa_s instead. To disable deprecation, use _CRT_SECURE_NO_WARNINGS. See online help for details. [D:\a\TohoSpec\TohoSpec\SRC\NEXUI\NEXUI.vcxproj]
    11>D:\a\TohoSpec\TohoSpec\SRC\Port_NT\PORT_NT.CPP(53,2): warning C4996: 'GetVersionExA': was declared deprecated [D:\a\TohoSpec\TohoSpec\SRC\Port_NT\PORT_NT.vcxproj]
    11>D:\a\TohoSpec\TohoSpec\SRC\Port_NT\PORT_NT.CPP(175,4): warning C4996: 'sprintf': This function or variable may be unsafe. Consider using sprintf_s instead. To disable deprecation, use _CRT_SECURE_NO_WARNINGS. See online help for details. [D:\a\TohoSpec\TohoSpec\SRC\Port_NT\PORT_NT.vcxproj]
    11>D:\a\TohoSpec\TohoSpec\SRC\Port_NT\PORT_NT.CPP(179,4): warning C4996: 'sprintf': This function or variable may be unsafe. Consider using sprintf_s instead. To disable deprecation, use _CRT_SECURE_NO_WARNINGS. See online help for details. [D:\a\TohoSpec\TohoSpec\SRC\Port_NT\PORT_NT.vcxproj]
    11>D:\a\TohoSpec\TohoSpec\SRC\Port_NT\PORT_NT.CPP(194,3): warning C4996: 'sprintf': This function or variable may be unsafe. Consider using sprintf_s instead. To disable deprecation, use _CRT_SECURE_NO_WARNINGS. See online help for details. [D:\a\TohoSpec\TohoSpec\SRC\Port_NT\PORT_NT.vcxproj]
    11>D:\a\TohoSpec\TohoSpec\SRC\Port_NT\PORT_NT.CPP(229,4): warning C4996: 'sprintf': This function or variable may be unsafe. Consider using sprintf_s instead. To disable deprecation, use _CRT_SECURE_NO_WARNINGS. See online help for details. [D:\a\TohoSpec\TohoSpec\SRC\Port_NT\PORT_NT.vcxproj]
    11>D:\a\TohoSpec\TohoSpec\SRC\Port_NT\PORT_NT.CPP(233,4): warning C4996: 'sprintf': This function or variable may be unsafe. Consider using sprintf_s instead. To disable deprecation, use _CRT_SECURE_NO_WARNINGS. See online help for details. [D:\a\TohoSpec\TohoSpec\SRC\Port_NT\PORT_NT.vcxproj]
    11>D:\a\TohoSpec\TohoSpec\SRC\Port_NT\PORT_NT.CPP(248,3): warning C4996: 'sprintf': This function or variable may be unsafe. Consider using sprintf_s instead. To disable deprecation, use _CRT_SECURE_NO_WARNINGS. See online help for details. [D:\a\TohoSpec\TohoSpec\SRC\Port_NT\PORT_NT.vcxproj]
    11>D:\a\TohoSpec\TohoSpec\SRC\Port_NT\PORT_NT.CPP(303,3): warning C4996: 'sprintf': This function or variable may be unsafe. Consider using sprintf_s instead. To disable deprecation, use _CRT_SECURE_NO_WARNINGS. See online help for details. [D:\a\TohoSpec\TohoSpec\SRC\Port_NT\PORT_NT.vcxproj]
    11>D:\a\TohoSpec\TohoSpec\SRC\Port_NT\PORT_NT.CPP(348,3): warning C4996: 'sprintf': This function or variable may be unsafe. Consider using sprintf_s instead. To disable deprecation, use _CRT_SECURE_NO_WARNINGS. See online help for details. [D:\a\TohoSpec\TohoSpec\SRC\Port_NT\PORT_NT.vcxproj]
    13>cl : command line  warning D9035: option 'Gm' has been deprecated and will be removed in a future release [D:\a\TohoSpec\TohoSpec\SRC\RecipeFile\RecipeFile.vcxproj]
    12>C:\Program Files\Microsoft Visual Studio\2022\Enterprise\MSBuild\Microsoft\VC\v170\Microsoft.CppBuild.targets(1402,5): warning MSB8012: TargetPath(D:\a\TohoSpec\TohoSpec\SRC\NEXUI\Debug\NEXUI.dll) does not match the Linker's OutputFile property value (D:\a\TohoSpec\TohoSpec\dll\dtnsnexui.dll). This may cause your project to build incorrectly. To correct this, please make sure that $(OutDir), $(TargetName) and $(TargetExt) property values match the value specified in %(Link.OutputFile). [D:\a\TohoSpec\TohoSpec\SRC\NEXUI\NEXUI.vcxproj]
    12>C:\Program Files\Microsoft Visual Studio\2022\Enterprise\MSBuild\Microsoft\VC\v170\Microsoft.CppBuild.targets(1404,5): warning MSB8012: TargetName(NEXUI) does not match the Linker's OutputFile property value (dtnsnexui). This may cause your project to build incorrectly. To correct this, please make sure that $(OutDir), $(TargetName) and $(TargetExt) property values match the value specified in %(Link.OutputFile). [D:\a\TohoSpec\TohoSpec\SRC\NEXUI\NEXUI.vcxproj]
    14>cl : command line  warning D9035: option 'Gm' has been deprecated and will be removed in a future release [D:\a\TohoSpec\TohoSpec\SRC\Utility\UTILITY.vcxproj]
    14>D:\a\TohoSpec\TohoSpec\INC\common.hxx(108,3): warning C4996: 'sprintf': This function or variable may be unsafe. Consider using sprintf_s instead. To disable deprecation, use _CRT_SECURE_NO_WARNINGS. See online help for details. [D:\a\TohoSpec\TohoSpec\SRC\Utility\UTILITY.vcxproj]
    14>D:\a\TohoSpec\TohoSpec\INC\common.hxx(129,13): warning C4346: 'reference': dependent name is not a type [D:\a\TohoSpec\TohoSpec\SRC\Utility\UTILITY.vcxproj]
    14>D:\a\TohoSpec\TohoSpec\INC\common.hxx(130,13): warning C4346: 'const_reference': dependent name is not a type [D:\a\TohoSpec\TohoSpec\SRC\Utility\UTILITY.vcxproj]
    14>D:\a\TohoSpec\TohoSpec\INC\common.hxx(131,13): warning C4346: 'size_type': dependent name is not a type [D:\a\TohoSpec\TohoSpec\SRC\Utility\UTILITY.vcxproj]
    14>D:\a\TohoSpec\TohoSpec\INC\common.hxx(132,13): warning C4346: 'pointer': dependent name is not a type [D:\a\TohoSpec\TohoSpec\SRC\Utility\UTILITY.vcxproj]
    14>D:\a\TohoSpec\TohoSpec\INC\common.hxx(133,13): warning C4346: 'const_pointer': dependent name is not a type [D:\a\TohoSpec\TohoSpec\SRC\Utility\UTILITY.vcxproj]
    14>D:\a\TohoSpec\TohoSpec\INC\logfile.hxx(75,4): warning C4996: 'strcpy': This function or variable may be unsafe. Consider using strcpy_s instead. To disable deprecation, use _CRT_SECURE_NO_WARNINGS. See online help for details. [D:\a\TohoSpec\TohoSpec\SRC\Utility\UTILITY.vcxproj]
    14>D:\a\TohoSpec\TohoSpec\SRC\Utility\LogFile.cpp(33,2): warning C4996: 'strcpy': This function or variable may be unsafe. Consider using strcpy_s instead. To disable deprecation, use _CRT_SECURE_NO_WARNINGS. See online help for details. [D:\a\TohoSpec\TohoSpec\SRC\Utility\UTILITY.vcxproj]
    14>D:\a\TohoSpec\TohoSpec\SRC\Utility\LogFile.cpp(34,2): warning C4996: 'strcpy': This function or variable may be unsafe. Consider using strcpy_s instead. To disable deprecation, use _CRT_SECURE_NO_WARNINGS. See online help for details. [D:\a\TohoSpec\TohoSpec\SRC\Utility\UTILITY.vcxproj]
    14>D:\a\TohoSpec\TohoSpec\SRC\Utility\LogFile.cpp(56,2): warning C4996: 'sprintf': This function or variable may be unsafe. Consider using sprintf_s instead. To disable deprecation, use _CRT_SECURE_NO_WARNINGS. See online help for details. [D:\a\TohoSpec\TohoSpec\SRC\Utility\UTILITY.vcxproj]
    14>D:\a\TohoSpec\TohoSpec\SRC\Utility\LogFile.cpp(102,3): warning C4996: 'strcpy': This function or variable may be unsafe. Consider using strcpy_s instead. To disable deprecation, use _CRT_SECURE_NO_WARNINGS. See online help for details. [D:\a\TohoSpec\TohoSpec\SRC\Utility\UTILITY.vcxproj]
    14>D:\a\TohoSpec\TohoSpec\SRC\Utility\LogFile.cpp(103,19): warning C4996: '_tcstok': This function or variable may be unsafe. Consider using _tcstok_s instead. To disable deprecation, use _CRT_SECURE_NO_WARNINGS. See online help for details. [D:\a\TohoSpec\TohoSpec\SRC\Utility\UTILITY.vcxproj]
    14>D:\a\TohoSpec\TohoSpec\SRC\Utility\LogFile.cpp(116,15): warning C4996: '_tcstok': This function or variable may be unsafe. Consider using _tcstok_s instead. To disable deprecation, use _CRT_SECURE_NO_WARNINGS. See online help for details. [D:\a\TohoSpec\TohoSpec\SRC\Utility\UTILITY.vcxproj]
    14>D:\a\TohoSpec\TohoSpec\SRC\Utility\LogFile.cpp(138,2): warning C4996: 'vsprintf': This function or variable may be unsafe. Consider using vsprintf_s instead. To disable deprecation, use _CRT_SECURE_NO_WARNINGS. See online help for details. [D:\a\TohoSpec\TohoSpec\SRC\Utility\UTILITY.vcxproj]
    14>D:\a\TohoSpec\TohoSpec\SRC\Utility\LogFile.cpp(163,2): warning C4996: 'sprintf': This function or variable may be unsafe. Consider using sprintf_s instead. To disable deprecation, use _CRT_SECURE_NO_WARNINGS. See online help for details. [D:\a\TohoSpec\TohoSpec\SRC\Utility\UTILITY.vcxproj]
    14>D:\a\TohoSpec\TohoSpec\SRC\Utility\LogFile.cpp(168,4): warning C4996: 'unlink': The POSIX name for this item is deprecated. Instead, use the ISO C and C++ conformant name: _unlink. See online help for details. [D:\a\TohoSpec\TohoSpec\SRC\Utility\UTILITY.vcxproj]
    14>D:\a\TohoSpec\TohoSpec\SRC\Utility\LogFile.cpp(170,4): warning C4996: 'sprintf': This function or variable may be unsafe. Consider using sprintf_s instead. To disable deprecation, use _CRT_SECURE_NO_WARNINGS. See online help for details. [D:\a\TohoSpec\TohoSpec\SRC\Utility\UTILITY.vcxproj]
    14>D:\a\TohoSpec\TohoSpec\SRC\Utility\LogFile.cpp(187,2): warning C4996: 'sprintf': This function or variable may be unsafe. Consider using sprintf_s instead. To disable deprecation, use _CRT_SECURE_NO_WARNINGS. See online help for details. [D:\a\TohoSpec\TohoSpec\SRC\Utility\UTILITY.vcxproj]
    14>D:\a\TohoSpec\TohoSpec\SRC\Utility\LogFile.cpp(209,3): warning C4996: 'sprintf': This function or variable may be unsafe. Consider using sprintf_s instead. To disable deprecation, use _CRT_SECURE_NO_WARNINGS. See online help for details. [D:\a\TohoSpec\TohoSpec\SRC\Utility\UTILITY.vcxproj]
    14>D:\a\TohoSpec\TohoSpec\SRC\Utility\LogFile.cpp(245,13): warning C4996: '_tcstok': This function or variable may be unsafe. Consider using _tcstok_s instead. To disable deprecation, use _CRT_SECURE_NO_WARNINGS. See online help for details. [D:\a\TohoSpec\TohoSpec\SRC\Utility\UTILITY.vcxproj]
    14>D:\a\TohoSpec\TohoSpec\SRC\Utility\LogFile.cpp(251,14): warning C4996: '_tcstok': This function or variable may be unsafe. Consider using _tcstok_s instead. To disable deprecation, use _CRT_SECURE_NO_WARNINGS. See online help for details. [D:\a\TohoSpec\TohoSpec\SRC\Utility\UTILITY.vcxproj]
    14>D:\a\TohoSpec\TohoSpec\SRC\Utility\LogFile.cpp(278,3): warning C4996: 'sprintf': This function or variable may be unsafe. Consider using sprintf_s instead. To disable deprecation, use _CRT_SECURE_NO_WARNINGS. See online help for details. [D:\a\TohoSpec\TohoSpec\SRC\Utility\UTILITY.vcxproj]
    14>D:\a\TohoSpec\TohoSpec\SRC\Utility\LogFile.cpp(314,13): warning C4996: '_tcstok': This function or variable may be unsafe. Consider using _tcstok_s instead. To disable deprecation, use _CRT_SECURE_NO_WARNINGS. See online help for details. [D:\a\TohoSpec\TohoSpec\SRC\Utility\UTILITY.vcxproj]
    14>D:\a\TohoSpec\TohoSpec\SRC\Utility\LogFile.cpp(318,14): warning C4996: '_tcstok': This function or variable may be unsafe. Consider using _tcstok_s instead. To disable deprecation, use _CRT_SECURE_NO_WARNINGS. See online help for details. [D:\a\TohoSpec\TohoSpec\SRC\Utility\UTILITY.vcxproj]
    15>C:\Program Files\Microsoft Visual Studio\2022\Enterprise\MSBuild\Microsoft\VC\v170\Microsoft.CppBuild.targets(1402,5): warning MSB8012: TargetPath(D:\a\TohoSpec\TohoSpec\SRC\MeaSys\MEASYSRCENU\Debug\MEASYSRCENU.dll) does not match the Linker's OutputFile property value (D:\a\TohoSpec\TohoSpec\DLL\dTnsMeasysRcEnu.dll). This may cause your project to build incorrectly. To correct this, please make sure that $(OutDir), $(TargetName) and $(TargetExt) property values match the value specified in %(Link.OutputFile). [D:\a\TohoSpec\TohoSpec\SRC\MeaSys\MEASYSRCENU\MEASYSRCENU.vcxproj]
    15>C:\Program Files\Microsoft Visual Studio\2022\Enterprise\MSBuild\Microsoft\VC\v170\Microsoft.CppBuild.targets(1404,5): warning MSB8012: TargetName(MEASYSRCENU) does not match the Linker's OutputFile property value (dTnsMeasysRcEnu). This may cause your project to build incorrectly. To correct this, please make sure that $(OutDir), $(TargetName) and $(TargetExt) property values match the value specified in %(Link.OutputFile). [D:\a\TohoSpec\TohoSpec\SRC\MeaSys\MEASYSRCENU\MEASYSRCENU.vcxproj]
    14>D:\a\TohoSpec\TohoSpec\INC\common.hxx(108,3): warning C4996: 'sprintf': This function or variable may be unsafe. Consider using sprintf_s instead. To disable deprecation, use _CRT_SECURE_NO_WARNINGS. See online help for details. [D:\a\TohoSpec\TohoSpec\SRC\Utility\UTILITY.vcxproj]
    14>D:\a\TohoSpec\TohoSpec\INC\common.hxx(129,13): warning C4346: 'reference': dependent name is not a type [D:\a\TohoSpec\TohoSpec\SRC\Utility\UTILITY.vcxproj]
    14>D:\a\TohoSpec\TohoSpec\INC\common.hxx(130,13): warning C4346: 'const_reference': dependent name is not a type [D:\a\TohoSpec\TohoSpec\SRC\Utility\UTILITY.vcxproj]
    14>D:\a\TohoSpec\TohoSpec\INC\common.hxx(131,13): warning C4346: 'size_type': dependent name is not a type [D:\a\TohoSpec\TohoSpec\SRC\Utility\UTILITY.vcxproj]
    14>D:\a\TohoSpec\TohoSpec\INC\common.hxx(132,13): warning C4346: 'pointer': dependent name is not a type [D:\a\TohoSpec\TohoSpec\SRC\Utility\UTILITY.vcxproj]
    14>D:\a\TohoSpec\TohoSpec\INC\common.hxx(133,13): warning C4346: 'const_pointer': dependent name is not a type [D:\a\TohoSpec\TohoSpec\SRC\Utility\UTILITY.vcxproj]
     9>C:\Program Files\Microsoft Visual Studio\2022\Enterprise\MSBuild\Microsoft\VC\v170\Microsoft.CppBuild.targets(1402,5): warning MSB8012: TargetPath(D:\a\TohoSpec\TohoSpec\SRC\NEXIF\Debug\NEXIF.dll) does not match the Linker's OutputFile property value (D:\a\TohoSpec\TohoSpec\dll\dtnsnexif.dll). This may cause your project to build incorrectly. To correct this, please make sure that $(OutDir), $(TargetName) and $(TargetExt) property values match the value specified in %(Link.OutputFile). [D:\a\TohoSpec\TohoSpec\SRC\NEXIF\NEXIF.vcxproj]
     9>C:\Program Files\Microsoft Visual Studio\2022\Enterprise\MSBuild\Microsoft\VC\v170\Microsoft.CppBuild.targets(1404,5): warning MSB8012: TargetName(NEXIF) does not match the Linker's OutputFile property value (dtnsnexif). This may cause your project to build incorrectly. To correct this, please make sure that $(OutDir), $(TargetName) and $(TargetExt) property values match the value specified in %(Link.OutputFile). [D:\a\TohoSpec\TohoSpec\SRC\NEXIF\NEXIF.vcxproj]
    16>C:\Program Files\Microsoft Visual Studio\2022\Enterprise\MSBuild\Microsoft\VC\v170\Microsoft.CppBuild.targets(1402,5): warning MSB8012: TargetPath(D:\a\TohoSpec\TohoSpec\SRC\MeaSys\MEASYSRCJPN\Debug\MEASYSRCJPN.dll) does not match the Linker's OutputFile property value (D:\a\TohoSpec\TohoSpec\DLL\dTnsMeasysRcJpn.dll). This may cause your project to build incorrectly. To correct this, please make sure that $(OutDir), $(TargetName) and $(TargetExt) property values match the value specified in %(Link.OutputFile). [D:\a\TohoSpec\TohoSpec\SRC\MeaSys\MEASYSRCJPN\MEASYSRCJPN.vcxproj]
    16>C:\Program Files\Microsoft Visual Studio\2022\Enterprise\MSBuild\Microsoft\VC\v170\Microsoft.CppBuild.targets(1404,5): warning MSB8012: TargetName(MEASYSRCJPN) does not match the Linker's OutputFile property value (dTnsMeasysRcJpn). This may cause your project to build incorrectly. To correct this, please make sure that $(OutDir), $(TargetName) and $(TargetExt) property values match the value specified in %(Link.OutputFile). [D:\a\TohoSpec\TohoSpec\SRC\MeaSys\MEASYSRCJPN\MEASYSRCJPN.vcxproj]
    11>C:\Program Files\Microsoft Visual Studio\2022\Enterprise\MSBuild\Microsoft\VC\v170\Microsoft.CppBuild.targets(1402,5): warning MSB8012: TargetPath(D:\a\TohoSpec\TohoSpec\SRC\Port_NT\Debug\PORT_NT.dll) does not match the Linker's OutputFile property value (D:\a\TohoSpec\TohoSpec\DLL\dTnsPort_NT.dll). This may cause your project to build incorrectly. To correct this, please make sure that $(OutDir), $(TargetName) and $(TargetExt) property values match the value specified in %(Link.OutputFile). [D:\a\TohoSpec\TohoSpec\SRC\Port_NT\PORT_NT.vcxproj]
    11>C:\Program Files\Microsoft Visual Studio\2022\Enterprise\MSBuild\Microsoft\VC\v170\Microsoft.CppBuild.targets(1404,5): warning MSB8012: TargetName(PORT_NT) does not match the Linker's OutputFile property value (dTnsPort_NT). This may cause your project to build incorrectly. To correct this, please make sure that $(OutDir), $(TargetName) and $(TargetExt) property values match the value specified in %(Link.OutputFile). [D:\a\TohoSpec\TohoSpec\SRC\Port_NT\PORT_NT.vcxproj]
    14>D:\a\TohoSpec\TohoSpec\INC\common.hxx(108,3): warning C4996: 'sprintf': This function or variable may be unsafe. Consider using sprintf_s instead. To disable deprecation, use _CRT_SECURE_NO_WARNINGS. See online help for details. [D:\a\TohoSpec\TohoSpec\SRC\Utility\UTILITY.vcxproj]
    14>D:\a\TohoSpec\TohoSpec\INC\common.hxx(129,13): warning C4346: 'reference': dependent name is not a type [D:\a\TohoSpec\TohoSpec\SRC\Utility\UTILITY.vcxproj]
    14>D:\a\TohoSpec\TohoSpec\INC\common.hxx(130,13): warning C4346: 'const_reference': dependent name is not a type [D:\a\TohoSpec\TohoSpec\SRC\Utility\UTILITY.vcxproj]
    14>D:\a\TohoSpec\TohoSpec\INC\common.hxx(131,13): warning C4346: 'size_type': dependent name is not a type [D:\a\TohoSpec\TohoSpec\SRC\Utility\UTILITY.vcxproj]
    14>D:\a\TohoSpec\TohoSpec\INC\common.hxx(132,13): warning C4346: 'pointer': dependent name is not a type [D:\a\TohoSpec\TohoSpec\SRC\Utility\UTILITY.vcxproj]
    14>D:\a\TohoSpec\TohoSpec\INC\common.hxx(133,13): warning C4346: 'const_pointer': dependent name is not a type [D:\a\TohoSpec\TohoSpec\SRC\Utility\UTILITY.vcxproj]
    19>C:\Program Files\Microsoft Visual Studio\2022\Enterprise\MSBuild\Microsoft\VC\v170\Microsoft.CppBuild.targets(1402,5): warning MSB8012: TargetPath(D:\a\TohoSpec\TohoSpec\SRC\NanoSpec\NANOSPECRCENU\Debug\NANOSPECRCENU.dll) does not match the Linker's OutputFile property value (D:\a\TohoSpec\TohoSpec\BIN\NANOSPECRCENU.dll). This may cause your project to build incorrectly. To correct this, please make sure that $(OutDir), $(TargetName) and $(TargetExt) property values match the value specified in %(Link.OutputFile). [D:\a\TohoSpec\TohoSpec\SRC\NanoSpec\NANOSPECRCENU\NANOSPECRCENU.vcxproj]
    23>C:\Program Files\Microsoft Visual Studio\2022\Enterprise\MSBuild\Microsoft\VC\v170\Microsoft.CppBuild.targets(1402,5): warning MSB8012: TargetPath(D:\a\TohoSpec\TohoSpec\SRC\Title\NANOSPECTITLERCENU\Debug\NANOSPECTITLERCENU.dll) does not match the Linker's OutputFile property value (D:\a\TohoSpec\TohoSpec\BIN\NANOSPECTITLERCENU.dll). This may cause your project to build incorrectly. To correct this, please make sure that $(OutDir), $(TargetName) and $(TargetExt) property values match the value specified in %(Link.OutputFile). [D:\a\TohoSpec\TohoSpec\SRC\Title\NANOSPECTITLERCENU\NANOSPECTITLERCENU.vcxproj]
    20>cl : command line  warning D9035: option 'Gm' has been deprecated and will be removed in a future release [D:\a\TohoSpec\TohoSpec\SRC\MotSysCfgN\MotSysCfg.vcxproj]
    20>cl : command line  warning D9035: option 'Gm' has been deprecated and will be removed in a future release [D:\a\TohoSpec\TohoSpec\SRC\MotSysCfgN\MotSysCfg.vcxproj]
    24>C:\Program Files\Microsoft Visual Studio\2022\Enterprise\MSBuild\Microsoft\VC\v170\Microsoft.CppBuild.targets(1402,5): warning MSB8012: TargetPath(D:\a\TohoSpec\TohoSpec\SRC\Title\NANOSPECTITLERCJPN\Debug\NANOSPECTITLERCJPN.dll) does not match the Linker's OutputFile property value (D:\a\TohoSpec\TohoSpec\BIN\NANOSPECTITLERCJPN.dll). This may cause your project to build incorrectly. To correct this, please make sure that $(OutDir), $(TargetName) and $(TargetExt) property values match the value specified in %(Link.OutputFile). [D:\a\TohoSpec\TohoSpec\SRC\Title\NANOSPECTITLERCJPN\NANOSPECTITLERCJPN.vcxproj]
    22>C:\Program Files\Microsoft Visual Studio\2022\Enterprise\MSBuild\Microsoft\VC\v170\Microsoft.CppBuild.targets(1402,5): warning MSB8012: TargetPath(D:\a\TohoSpec\TohoSpec\SRC\NanoSpec\NANOSPECRCJPN\Debug\NANOSPECRCJPN.dll) does not match the Linker's OutputFile property value (D:\a\TohoSpec\TohoSpec\BIN\NANOSPECRCJPN.dll). This may cause your project to build incorrectly. To correct this, please make sure that $(OutDir), $(TargetName) and $(TargetExt) property values match the value specified in %(Link.OutputFile). [D:\a\TohoSpec\TohoSpec\SRC\NanoSpec\NANOSPECRCJPN\NANOSPECRCJPN.vcxproj]
    21>cl : command line  warning D9035: option 'Gm' has been deprecated and will be removed in a future release [D:\a\TohoSpec\TohoSpec\SRC\MotSysNSPT\MotSysG.vcxproj]
    21>cl : command line  warning D9035: option 'Gm' has been deprecated and will be removed in a future release [D:\a\TohoSpec\TohoSpec\SRC\MotSysNSPT\MotSysG.vcxproj]
     4>cl : command line  warning D9035: option 'Gm' has been deprecated and will be removed in a future release [D:\a\TohoSpec\TohoSpec\SRC\AlarmIf\AlarmIf.vcxproj]
    20>D:\a\TohoSpec\TohoSpec\SRC\MotSysCfgN\ServoParam.cpp(374,2): warning C4996: 'strcpy': This function or variable may be unsafe. Consider using strcpy_s instead. To disable deprecation, use _CRT_SECURE_NO_WARNINGS. See online help for details. [D:\a\TohoSpec\TohoSpec\SRC\MotSysCfgN\MotSysCfg.vcxproj]
    20>D:\a\TohoSpec\TohoSpec\SRC\MotSysCfgN\ServoParam.cpp(376,12): warning C4996: 'fopen': This function or variable may be unsafe. Consider using fopen_s instead. To disable deprecation, use _CRT_SECURE_NO_WARNINGS. See online help for details. [D:\a\TohoSpec\TohoSpec\SRC\MotSysCfgN\MotSysCfg.vcxproj]
    20>D:\a\TohoSpec\TohoSpec\SRC\MotSysCfgN\ServoParam.cpp(382,3): warning C4996: 'sprintf': This function or variable may be unsafe. Consider using sprintf_s instead. To disable deprecation, use _CRT_SECURE_NO_WARNINGS. See online help for details. [D:\a\TohoSpec\TohoSpec\SRC\MotSysCfgN\MotSysCfg.vcxproj]
    20>D:\a\TohoSpec\TohoSpec\SRC\MotSysCfgN\ServoParam.cpp(386,13): warning C4996: 'fopen': This function or variable may be unsafe. Consider using fopen_s instead. To disable deprecation, use _CRT_SECURE_NO_WARNINGS. See online help for details. [D:\a\TohoSpec\TohoSpec\SRC\MotSysCfgN\MotSysCfg.vcxproj]
     4>D:\a\TohoSpec\TohoSpec\INC\DllMutex.hxx(18,3): warning C4996: 'strcpy': This function or variable may be unsafe. Consider using strcpy_s instead. To disable deprecation, use _CRT_SECURE_NO_WARNINGS. See online help for details. [D:\a\TohoSpec\TohoSpec\SRC\AlarmIf\AlarmIf.vcxproj]
     4>D:\a\TohoSpec\TohoSpec\INC\DllMutex.hxx(20,2): warning C4996: 'strcat': This function or variable may be unsafe. Consider using strcat_s instead. To disable deprecation, use _CRT_SECURE_NO_WARNINGS. See online help for details. [D:\a\TohoSpec\TohoSpec\SRC\AlarmIf\AlarmIf.vcxproj]
     4>D:\a\TohoSpec\TohoSpec\INC\DllMutex.hxx(21,2): warning C4996: 'strcat': This function or variable may be unsafe. Consider using strcat_s instead. To disable deprecation, use _CRT_SECURE_NO_WARNINGS. See online help for details. [D:\a\TohoSpec\TohoSpec\SRC\AlarmIf\AlarmIf.vcxproj]
    20>D:\a\TohoSpec\TohoSpec\SRC\MotSysCfgN\ServoParam.cpp(391,4): warning C4996: 'sprintf': This function or variable may be unsafe. Consider using sprintf_s instead. To disable deprecation, use _CRT_SECURE_NO_WARNINGS. See online help for details. [D:\a\TohoSpec\TohoSpec\SRC\MotSysCfgN\MotSysCfg.vcxproj]
    20>D:\a\TohoSpec\TohoSpec\SRC\MotSysCfgN\ServoParam.cpp(488,2): warning C4996: 'strcpy': This function or variable may be unsafe. Consider using strcpy_s instead. To disable deprecation, use _CRT_SECURE_NO_WARNINGS. See online help for details. [D:\a\TohoSpec\TohoSpec\SRC\MotSysCfgN\MotSysCfg.vcxproj]
    20>D:\a\TohoSpec\TohoSpec\SRC\MotSysCfgN\ServoParam.cpp(490,12): warning C4996: 'fopen': This function or variable may be unsafe. Consider using fopen_s instead. To disable deprecation, use _CRT_SECURE_NO_WARNINGS. See online help for details. [D:\a\TohoSpec\TohoSpec\SRC\MotSysCfgN\MotSysCfg.vcxproj]
    20>D:\a\TohoSpec\TohoSpec\SRC\MotSysCfgN\ServoParam.cpp(497,3): warning C4996: 'sprintf': This function or variable may be unsafe. Consider using sprintf_s instead. To disable deprecation, use _CRT_SECURE_NO_WARNINGS. See online help for details. [D:\a\TohoSpec\TohoSpec\SRC\MotSysCfgN\MotSysCfg.vcxproj]
    20>D:\a\TohoSpec\TohoSpec\SRC\MotSysCfgN\MotSysCfg.cpp(52,2): warning C4996: 'CWinApp::Enable3dControls': CWinApp::Enable3dControls is no longer needed. You should remove this call. [D:\a\TohoSpec\TohoSpec\SRC\MotSysCfgN\MotSysCfg.vcxproj]
    20>D:\a\TohoSpec\TohoSpec\SRC\MotSysCfgN\MotCfg.cpp(319,3): warning C4996: 'sprintf': This function or variable may be unsafe. Consider using sprintf_s instead. To disable deprecation, use _CRT_SECURE_NO_WARNINGS. See online help for details. [D:\a\TohoSpec\TohoSpec\SRC\MotSysCfgN\MotSysCfg.vcxproj]
    20>D:\a\TohoSpec\TohoSpec\SRC\MotSysCfgN\MotCfg.cpp(360,3): warning C4996: 'sprintf': This function or variable may be unsafe. Consider using sprintf_s instead. To disable deprecation, use _CRT_SECURE_NO_WARNINGS. See online help for details. [D:\a\TohoSpec\TohoSpec\SRC\MotSysCfgN\MotSysCfg.vcxproj]
    20>D:\a\TohoSpec\TohoSpec\SRC\MotSysCfgN\MotCfg.cpp(456,2): warning C4996: 'strcpy': This function or variable may be unsafe. Consider using strcpy_s instead. To disable deprecation, use _CRT_SECURE_NO_WARNINGS. See online help for details. [D:\a\TohoSpec\TohoSpec\SRC\MotSysCfgN\MotSysCfg.vcxproj]
    20>D:\a\TohoSpec\TohoSpec\SRC\MotSysCfgN\MotCfg.cpp(457,2): warning C4996: 'strcpy': This function or variable may be unsafe. Consider using strcpy_s instead. To disable deprecation, use _CRT_SECURE_NO_WARNINGS. See online help for details. [D:\a\TohoSpec\TohoSpec\SRC\MotSysCfgN\MotSysCfg.vcxproj]
    20>D:\a\TohoSpec\TohoSpec\SRC\MotSysCfgN\MotCfg.cpp(458,2): warning C4996: 'strcpy': This function or variable may be unsafe. Consider using strcpy_s instead. To disable deprecation, use _CRT_SECURE_NO_WARNINGS. See online help for details. [D:\a\TohoSpec\TohoSpec\SRC\MotSysCfgN\MotSysCfg.vcxproj]
    20>D:\a\TohoSpec\TohoSpec\SRC\MotSysCfgN\MotCfg.cpp(459,2): warning C4996: 'strcpy': This function or variable may be unsafe. Consider using strcpy_s instead. To disable deprecation, use _CRT_SECURE_NO_WARNINGS. See online help for details. [D:\a\TohoSpec\TohoSpec\SRC\MotSysCfgN\MotSysCfg.vcxproj]
    20>D:\a\TohoSpec\TohoSpec\SRC\MotSysCfgN\MotCfg.cpp(460,2): warning C4996: 'strcpy': This function or variable may be unsafe. Consider using strcpy_s instead. To disable deprecation, use _CRT_SECURE_NO_WARNINGS. See online help for details. [D:\a\TohoSpec\TohoSpec\SRC\MotSysCfgN\MotSysCfg.vcxproj]
    20>D:\a\TohoSpec\TohoSpec\SRC\MotSysCfgN\MotCfg.cpp(461,2): warning C4996: 'strcpy': This function or variable may be unsafe. Consider using strcpy_s instead. To disable deprecation, use _CRT_SECURE_NO_WARNINGS. See online help for details. [D:\a\TohoSpec\TohoSpec\SRC\MotSysCfgN\MotSysCfg.vcxproj]
    20>D:\a\TohoSpec\TohoSpec\SRC\MotSysCfgN\MotCfg.cpp(462,2): warning C4996: 'strcpy': This function or variable may be unsafe. Consider using strcpy_s instead. To disable deprecation, use _CRT_SECURE_NO_WARNINGS. See online help for details. [D:\a\TohoSpec\TohoSpec\SRC\MotSysCfgN\MotSysCfg.vcxproj]
    20>D:\a\TohoSpec\TohoSpec\SRC\MotSysCfgN\MotCfg.cpp(463,2): warning C4996: 'strcpy': This function or variable may be unsafe. Consider using strcpy_s instead. To disable deprecation, use _CRT_SECURE_NO_WARNINGS. See online help for details. [D:\a\TohoSpec\TohoSpec\SRC\MotSysCfgN\MotSysCfg.vcxproj]
    20>D:\a\TohoSpec\TohoSpec\SRC\MotSysCfgN\AxisDlg.cpp(275,3): warning C4996: 'sprintf': This function or variable may be unsafe. Consider using sprintf_s instead. To disable deprecation, use _CRT_SECURE_NO_WARNINGS. See online help for details. [D:\a\TohoSpec\TohoSpec\SRC\MotSysCfgN\MotSysCfg.vcxproj]
    20>D:\a\TohoSpec\TohoSpec\SRC\MotSysCfgN\AxisDlg.cpp(313,3): warning C4996: 'sprintf': This function or variable may be unsafe. Consider using sprintf_s instead. To disable deprecation, use _CRT_SECURE_NO_WARNINGS. See online help for details. [D:\a\TohoSpec\TohoSpec\SRC\MotSysCfgN\MotSysCfg.vcxproj]
    20>C:\Program Files\Microsoft Visual Studio\2022\Enterprise\MSBuild\Microsoft\VC\v170\Microsoft.CppBuild.targets(1402,5): warning MSB8012: TargetPath(D:\a\TohoSpec\TohoSpec\SRC\MotSysCfgN\Debug\MotSysCfg.exe) does not match the Linker's OutputFile property value (D:\a\TohoSpec\TohoSpec\bin\MotSysCfgN.exe). This may cause your project to build incorrectly. To correct this, please make sure that $(OutDir), $(TargetName) and $(TargetExt) property values match the value specified in %(Link.OutputFile). [D:\a\TohoSpec\TohoSpec\SRC\MotSysCfgN\MotSysCfg.vcxproj]
    20>C:\Program Files\Microsoft Visual Studio\2022\Enterprise\MSBuild\Microsoft\VC\v170\Microsoft.CppBuild.targets(1404,5): warning MSB8012: TargetName(MotSysCfg) does not match the Linker's OutputFile property value (MotSysCfgN). This may cause your project to build incorrectly. To correct this, please make sure that $(OutDir), $(TargetName) and $(TargetExt) property values match the value specified in %(Link.OutputFile). [D:\a\TohoSpec\TohoSpec\SRC\MotSysCfgN\MotSysCfg.vcxproj]
    27>C:\Program Files\Microsoft Visual Studio\2022\Enterprise\MSBuild\Microsoft\VC\v170\Microsoft.CppBuild.targets(1402,5): warning MSB8012: TargetPath(D:\a\TohoSpec\TohoSpec\SRC\NEXRCJPN\Debug\NEXRCJPN.dll) does not match the Linker's OutputFile property value (D:\a\TohoSpec\TohoSpec\dll\dtnsnexrcjpn.dll). This may cause your project to build incorrectly. To correct this, please make sure that $(OutDir), $(TargetName) and $(TargetExt) property values match the value specified in %(Link.OutputFile). [D:\a\TohoSpec\TohoSpec\SRC\NEXRCJPN\NEXRCJPN.vcxproj]
    27>C:\Program Files\Microsoft Visual Studio\2022\Enterprise\MSBuild\Microsoft\VC\v170\Microsoft.CppBuild.targets(1404,5): warning MSB8012: TargetName(NEXRCJPN) does not match the Linker's OutputFile property value (dtnsnexrcjpn). This may cause your project to build incorrectly. To correct this, please make sure that $(OutDir), $(TargetName) and $(TargetExt) property values match the value specified in %(Link.OutputFile). [D:\a\TohoSpec\TohoSpec\SRC\NEXRCJPN\NEXRCJPN.vcxproj]
    30>C:\Program Files\Microsoft Visual Studio\2022\Enterprise\MSBuild\Microsoft\VC\v170\Microsoft.CppBuild.targets(1402,5): warning MSB8012: TargetPath(D:\a\TohoSpec\TohoSpec\SRC\NSStage\NSSTAGERCJPN\Debug\NSSTAGERCJPN.dll) does not match the Linker's OutputFile property value (D:\a\TohoSpec\TohoSpec\DLL\dTnsNSStageRcJpn.dll). This may cause your project to build incorrectly. To correct this, please make sure that $(OutDir), $(TargetName) and $(TargetExt) property values match the value specified in %(Link.OutputFile). [D:\a\TohoSpec\TohoSpec\SRC\NSStage\NSSTAGERCJPN\NSSTAGERCJPN.vcxproj]
    30>C:\Program Files\Microsoft Visual Studio\2022\Enterprise\MSBuild\Microsoft\VC\v170\Microsoft.CppBuild.targets(1404,5): warning MSB8012: TargetName(NSSTAGERCJPN) does not match the Linker's OutputFile property value (dTnsNSStageRcJpn). This may cause your project to build incorrectly. To correct this, please make sure that $(OutDir), $(TargetName) and $(TargetExt) property values match the value specified in %(Link.OutputFile). [D:\a\TohoSpec\TohoSpec\SRC\NSStage\NSSTAGERCJPN\NSSTAGERCJPN.vcxproj]
    28>C:\Program Files\Microsoft Visual Studio\2022\Enterprise\MSBuild\Microsoft\VC\v170\Microsoft.CppBuild.targets(1402,5): warning MSB8012: TargetPath(D:\a\TohoSpec\TohoSpec\SRC\NEXRCENU\Debug\NEXRCENU.dll) does not match the Linker's OutputFile property value (D:\a\TohoSpec\TohoSpec\dll\dtnsnexrcenu.dll). This may cause your project to build incorrectly. To correct this, please make sure that $(OutDir), $(TargetName) and $(TargetExt) property values match the value specified in %(Link.OutputFile). [D:\a\TohoSpec\TohoSpec\SRC\NEXRCENU\NEXRCENU.vcxproj]
    28>C:\Program Files\Microsoft Visual Studio\2022\Enterprise\MSBuild\Microsoft\VC\v170\Microsoft.CppBuild.targets(1404,5): warning MSB8012: TargetName(NEXRCENU) does not match the Linker's OutputFile property value (dtnsnexrcenu). This may cause your project to build incorrectly. To correct this, please make sure that $(OutDir), $(TargetName) and $(TargetExt) property values match the value specified in %(Link.OutputFile). [D:\a\TohoSpec\TohoSpec\SRC\NEXRCENU\NEXRCENU.vcxproj]
    34>cl : command line  warning D9035: option 'Gm' has been deprecated and will be removed in a future release [D:\a\TohoSpec\TohoSpec\SRC\OVERLAY\OVERLAY.vcxproj]
    36>cl : command line  warning D9035: option 'Gm' has been deprecated and will be removed in a future release [D:\a\TohoSpec\TohoSpec\SRC\PatternFile\PatternFile.vcxproj]
    37>cl : command line  warning D9035: option 'Gm' has been deprecated and will be removed in a future release [D:\a\TohoSpec\TohoSpec\SRC\PifComm\PifComm.vcxproj]
    21>D:\a\TohoSpec\TohoSpec\SRC\MotSysNSPT\Sio.cpp(28,2): warning C4996: 'sprintf': This function or variable may be unsafe. Consider using sprintf_s instead. To disable deprecation, use _CRT_SECURE_NO_WARNINGS. See online help for details. [D:\a\TohoSpec\TohoSpec\SRC\MotSysNSPT\MotSysG.vcxproj]
    21>D:\a\TohoSpec\TohoSpec\SRC\MotSysNSPT\Sio.cpp(227,4): warning C4996: 'strcpy': This function or variable may be unsafe. Consider using strcpy_s instead. To disable deprecation, use _CRT_SECURE_NO_WARNINGS. See online help for details. [D:\a\TohoSpec\TohoSpec\SRC\MotSysNSPT\MotSysG.vcxproj]
    21>D:\a\TohoSpec\TohoSpec\SRC\MotSysNSPT\Sio.cpp(597,3): warning C4996: 'strcat': This function or variable may be unsafe. Consider using strcat_s instead. To disable deprecation, use _CRT_SECURE_NO_WARNINGS. See online help for details. [D:\a\TohoSpec\TohoSpec\SRC\MotSysNSPT\MotSysG.vcxproj]
    21>D:\a\TohoSpec\TohoSpec\SRC\MotSysNSPT\Sio.cpp(599,3): warning C4996: 'strcat': This function or variable may be unsafe. Consider using strcat_s instead. To disable deprecation, use _CRT_SECURE_NO_WARNINGS. See online help for details. [D:\a\TohoSpec\TohoSpec\SRC\MotSysNSPT\MotSysG.vcxproj]
    21>D:\a\TohoSpec\TohoSpec\SRC\MotSysNSPT\Sio.cpp(604,2): warning C4996: 'strcat': This function or variable may be unsafe. Consider using strcat_s instead. To disable deprecation, use _CRT_SECURE_NO_WARNINGS. See online help for details. [D:\a\TohoSpec\TohoSpec\SRC\MotSysNSPT\MotSysG.vcxproj]
    38>cl : command line  warning D9035: option 'Gm' has been deprecated and will be removed in a future release [D:\a\TohoSpec\TohoSpec\SRC\Title\NanoSpecTitle.vcxproj]
     4>C:\Program Files\Microsoft Visual Studio\2022\Enterprise\MSBuild\Microsoft\VC\v170\Microsoft.CppBuild.targets(1402,5): warning MSB8012: TargetPath(D:\a\TohoSpec\TohoSpec\SRC\AlarmIf\Debug\AlarmIf.dll) does not match the Linker's OutputFile property value (D:\a\TohoSpec\TohoSpec\DLL\dTnsAlarmIf.dll). This may cause your project to build incorrectly. To correct this, please make sure that $(OutDir), $(TargetName) and $(TargetExt) property values match the value specified in %(Link.OutputFile). [D:\a\TohoSpec\TohoSpec\SRC\AlarmIf\AlarmIf.vcxproj]
     4>C:\Program Files\Microsoft Visual Studio\2022\Enterprise\MSBuild\Microsoft\VC\v170\Microsoft.CppBuild.targets(1404,5): warning MSB8012: TargetName(AlarmIf) does not match the Linker's OutputFile property value (dTnsAlarmIf). This may cause your project to build incorrectly. To correct this, please make sure that $(OutDir), $(TargetName) and $(TargetExt) property values match the value specified in %(Link.OutputFile). [D:\a\TohoSpec\TohoSpec\SRC\AlarmIf\AlarmIf.vcxproj]
    33>C:\Program Files\Microsoft Visual Studio\2022\Enterprise\MSBuild\Microsoft\VC\v170\Microsoft.CppBuild.targets(1402,5): warning MSB8012: TargetPath(D:\a\TohoSpec\TohoSpec\SRC\NSStage\NSSTAGERCENU\Debug\NSSTAGERCENU.dll) does not match the Linker's OutputFile property value (D:\a\TohoSpec\TohoSpec\DLL\dTnsNSStageRcEnu.dll). This may cause your project to build incorrectly. To correct this, please make sure that $(OutDir), $(TargetName) and $(TargetExt) property values match the value specified in %(Link.OutputFile). [D:\a\TohoSpec\TohoSpec\SRC\NSStage\NSSTAGERCENU\NSSTAGERCENU.vcxproj]
    33>C:\Program Files\Microsoft Visual Studio\2022\Enterprise\MSBuild\Microsoft\VC\v170\Microsoft.CppBuild.targets(1404,5): warning MSB8012: TargetName(NSSTAGERCENU) does not match the Linker's OutputFile property value (dTnsNSStageRcEnu). This may cause your project to build incorrectly. To correct this, please make sure that $(OutDir), $(TargetName) and $(TargetExt) property values match the value specified in %(Link.OutputFile). [D:\a\TohoSpec\TohoSpec\SRC\NSStage\NSSTAGERCENU\NSSTAGERCENU.vcxproj]
    21>D:\a\TohoSpec\TohoSpec\SRC\MotSysNSPT\MotSysG.cpp(59,2): warning C4996: 'CWinApp::Enable3dControlsStatic': CWinApp::Enable3dControlsStatic is no longer needed. You should remove this call. [D:\a\TohoSpec\TohoSpec\SRC\MotSysNSPT\MotSysG.vcxproj]
    38>cl : command line  warning D9035: option 'Gm' has been deprecated and will be removed in a future release [D:\a\TohoSpec\TohoSpec\SRC\Title\NanoSpecTitle.vcxproj]
    38>D:\a\TohoSpec\TohoSpec\SRC\Title\System.h(43,2): warning C4996: 'strcpy': This function or variable may be unsafe. Consider using strcpy_s instead. To disable deprecation, use _CRT_SECURE_NO_WARNINGS. See online help for details. [D:\a\TohoSpec\TohoSpec\SRC\Title\NanoSpecTitle.vcxproj]
    38>D:\a\TohoSpec\TohoSpec\SRC\Title\System.h(45,3): warning C4996: 'strcat': This function or variable may be unsafe. Consider using strcat_s instead. To disable deprecation, use _CRT_SECURE_NO_WARNINGS. See online help for details. [D:\a\TohoSpec\TohoSpec\SRC\Title\NanoSpecTitle.vcxproj]
    38>D:\a\TohoSpec\TohoSpec\SRC\Title\System.h(48,3): warning C4996: 'strcat': This function or variable may be unsafe. Consider using strcat_s instead. To disable deprecation, use _CRT_SECURE_NO_WARNINGS. See online help for details. [D:\a\TohoSpec\TohoSpec\SRC\Title\NanoSpecTitle.vcxproj]
    38>D:\a\TohoSpec\TohoSpec\SRC\Title\NanoSpecTitle.cpp(53,2): warning C4996: 'CWinApp::Enable3dControlsStatic': CWinApp::Enable3dControlsStatic is no longer needed. You should remove this call. [D:\a\TohoSpec\TohoSpec\SRC\Title\NanoSpecTitle.vcxproj]
    38>C:\Program Files\Microsoft Visual Studio\2022\Enterprise\MSBuild\Microsoft\VC\v170\Microsoft.CppBuild.targets(1402,5): warning MSB8012: TargetPath(D:\a\TohoSpec\TohoSpec\SRC\Title\Debug\NanoSpecTitle.exe) does not match the Linker's OutputFile property value (D:\a\TohoSpec\TohoSpec\BIN\NanoSpecTitle.exe). This may cause your project to build incorrectly. To correct this, please make sure that $(OutDir), $(TargetName) and $(TargetExt) property values match the value specified in %(Link.OutputFile). [D:\a\TohoSpec\TohoSpec\SRC\Title\NanoSpecTitle.vcxproj]
    21>D:\a\TohoSpec\TohoSpec\SRC\MotSysNSPT\MotSysDlg.cpp(294,3): warning C4996: '_splitpath': This function or variable may be unsafe. Consider using _splitpath_s instead. To disable deprecation, use _CRT_SECURE_NO_WARNINGS. See online help for details. [D:\a\TohoSpec\TohoSpec\SRC\MotSysNSPT\MotSysG.vcxproj]
    21>D:\a\TohoSpec\TohoSpec\SRC\MotSysNSPT\MotSysDlg.cpp(295,3): warning C4996: 'sprintf': This function or variable may be unsafe. Consider using sprintf_s instead. To disable deprecation, use _CRT_SECURE_NO_WARNINGS. See online help for details. [D:\a\TohoSpec\TohoSpec\SRC\MotSysNSPT\MotSysG.vcxproj]
    21>D:\a\TohoSpec\TohoSpec\SRC\MotSysNSPT\MotSysDlg.cpp(298,4): warning C4996: 'strcpy': This function or variable may be unsafe. Consider using strcpy_s instead. To disable deprecation, use _CRT_SECURE_NO_WARNINGS. See online help for details. [D:\a\TohoSpec\TohoSpec\SRC\MotSysNSPT\MotSysG.vcxproj]
    21>D:\a\TohoSpec\TohoSpec\SRC\MotSysNSPT\MotSysDlg.cpp(313,3): warning C4996: '_splitpath': This function or variable may be unsafe. Consider using _splitpath_s instead. To disable deprecation, use _CRT_SECURE_NO_WARNINGS. See online help for details. [D:\a\TohoSpec\TohoSpec\SRC\MotSysNSPT\MotSysG.vcxproj]
    21>D:\a\TohoSpec\TohoSpec\SRC\MotSysNSPT\MotSysDlg.cpp(315,3): warning C4996: 'sprintf': This function or variable may be unsafe. Consider using sprintf_s instead. To disable deprecation, use _CRT_SECURE_NO_WARNINGS. See online help for details. [D:\a\TohoSpec\TohoSpec\SRC\MotSysNSPT\MotSysG.vcxproj]
    21>D:\a\TohoSpec\TohoSpec\SRC\MotSysNSPT\MotSysDlg.cpp(318,4): warning C4996: 'strcpy': This function or variable may be unsafe. Consider using strcpy_s instead. To disable deprecation, use _CRT_SECURE_NO_WARNINGS. See online help for details. [D:\a\TohoSpec\TohoSpec\SRC\MotSysNSPT\MotSysG.vcxproj]
    21>D:\a\TohoSpec\TohoSpec\SRC\MotSysNSPT\MotSysDlg.cpp(345,14): warning C4996: 'strcpy': This function or variable may be unsafe. Consider using strcpy_s instead. To disable deprecation, use _CRT_SECURE_NO_WARNINGS. See online help for details. [D:\a\TohoSpec\TohoSpec\SRC\MotSysNSPT\MotSysG.vcxproj]
    21>D:\a\TohoSpec\TohoSpec\SRC\MotSysNSPT\MotSysDlg.cpp(346,14): warning C4996: 'strcpy': This function or variable may be unsafe. Consider using strcpy_s instead. To disable deprecation, use _CRT_SECURE_NO_WARNINGS. See online help for details. [D:\a\TohoSpec\TohoSpec\SRC\MotSysNSPT\MotSysG.vcxproj]
    21>D:\a\TohoSpec\TohoSpec\SRC\MotSysNSPT\MotSysDlg.cpp(347,14): warning C4996: 'strcpy': This function or variable may be unsafe. Consider using strcpy_s instead. To disable deprecation, use _CRT_SECURE_NO_WARNINGS. See online help for details. [D:\a\TohoSpec\TohoSpec\SRC\MotSysNSPT\MotSysG.vcxproj]
    21>D:\a\TohoSpec\TohoSpec\SRC\MotSysNSPT\MotSysDlg.cpp(348,14): warning C4996: 'strcpy': This function or variable may be unsafe. Consider using strcpy_s instead. To disable deprecation, use _CRT_SECURE_NO_WARNINGS. See online help for details. [D:\a\TohoSpec\TohoSpec\SRC\MotSysNSPT\MotSysG.vcxproj]
    21>D:\a\TohoSpec\TohoSpec\SRC\MotSysNSPT\MotSysDlg.cpp(349,14): warning C4996: 'strcpy': This function or variable may be unsafe. Consider using strcpy_s instead. To disable deprecation, use _CRT_SECURE_NO_WARNINGS. See online help for details. [D:\a\TohoSpec\TohoSpec\SRC\MotSysNSPT\MotSysG.vcxproj]
    21>D:\a\TohoSpec\TohoSpec\SRC\MotSysNSPT\MotSysDlg.cpp(352,14): warning C4996: 'strcpy': This function or variable may be unsafe. Consider using strcpy_s instead. To disable deprecation, use _CRT_SECURE_NO_WARNINGS. See online help for details. [D:\a\TohoSpec\TohoSpec\SRC\MotSysNSPT\MotSysG.vcxproj]
    21>D:\a\TohoSpec\TohoSpec\SRC\MotSysNSPT\MotSysDlg.cpp(353,14): warning C4996: 'strcpy': This function or variable may be unsafe. Consider using strcpy_s instead. To disable deprecation, use _CRT_SECURE_NO_WARNINGS. See online help for details. [D:\a\TohoSpec\TohoSpec\SRC\MotSysNSPT\MotSysG.vcxproj]
    21>D:\a\TohoSpec\TohoSpec\SRC\MotSysNSPT\MotSysDlg.cpp(354,14): warning C4996: 'strcpy': This function or variable may be unsafe. Consider using strcpy_s instead. To disable deprecation, use _CRT_SECURE_NO_WARNINGS. See online help for details. [D:\a\TohoSpec\TohoSpec\SRC\MotSysNSPT\MotSysG.vcxproj]
    21>D:\a\TohoSpec\TohoSpec\SRC\MotSysNSPT\MotSysDlg.cpp(356,6): warning C4996: 'sprintf': This function or variable may be unsafe. Consider using sprintf_s instead. To disable deprecation, use _CRT_SECURE_NO_WARNINGS. See online help for details. [D:\a\TohoSpec\TohoSpec\SRC\MotSysNSPT\MotSysG.vcxproj]
    21>D:\a\TohoSpec\TohoSpec\SRC\MotSysNSPT\MotSysDlg.cpp(391,3): warning C4996: 'sprintf': This function or variable may be unsafe. Consider using sprintf_s instead. To disable deprecation, use _CRT_SECURE_NO_WARNINGS. See online help for details. [D:\a\TohoSpec\TohoSpec\SRC\MotSysNSPT\MotSysG.vcxproj]
    21>D:\a\TohoSpec\TohoSpec\SRC\MotSysNSPT\MotSysDlg.cpp(776,3): warning C4996: 'sprintf': This function or variable may be unsafe. Consider using sprintf_s instead. To disable deprecation, use _CRT_SECURE_NO_WARNINGS. See online help for details. [D:\a\TohoSpec\TohoSpec\SRC\MotSysNSPT\MotSysG.vcxproj]
    21>D:\a\TohoSpec\TohoSpec\SRC\MotSysNSPT\MotSysDlg.cpp(779,3): warning C4996: 'sprintf': This function or variable may be unsafe. Consider using sprintf_s instead. To disable deprecation, use _CRT_SECURE_NO_WARNINGS. See online help for details. [D:\a\TohoSpec\TohoSpec\SRC\MotSysNSPT\MotSysG.vcxproj]
    21>D:\a\TohoSpec\TohoSpec\SRC\MotSysNSPT\MotSysDlg.cpp(782,3): warning C4996: 'sprintf': This function or variable may be unsafe. Consider using sprintf_s instead. To disable deprecation, use _CRT_SECURE_NO_WARNINGS. See online help for details. [D:\a\TohoSpec\TohoSpec\SRC\MotSysNSPT\MotSysG.vcxproj]
    21>D:\a\TohoSpec\TohoSpec\SRC\MotSysNSPT\MotSysDlg.cpp(785,3): warning C4996: 'sprintf': This function or variable may be unsafe. Consider using sprintf_s instead. To disable deprecation, use _CRT_SECURE_NO_WARNINGS. See online help for details. [D:\a\TohoSpec\TohoSpec\SRC\MotSysNSPT\MotSysG.vcxproj]
    21>D:\a\TohoSpec\TohoSpec\SRC\MotSysNSPT\MotSysDlg.cpp(788,3): warning C4996: 'sprintf': This function or variable may be unsafe. Consider using sprintf_s instead. To disable deprecation, use _CRT_SECURE_NO_WARNINGS. See online help for details. [D:\a\TohoSpec\TohoSpec\SRC\MotSysNSPT\MotSysG.vcxproj]
    21>D:\a\TohoSpec\TohoSpec\SRC\MotSysNSPT\MotSysDlg.cpp(806,2): warning C4996: 'strcpy': This function or variable may be unsafe. Consider using strcpy_s instead. To disable deprecation, use _CRT_SECURE_NO_WARNINGS. See online help for details. [D:\a\TohoSpec\TohoSpec\SRC\MotSysNSPT\MotSysG.vcxproj]
    21>D:\a\TohoSpec\TohoSpec\SRC\MotSysNSPT\MotSysDlg.cpp(858,3): warning C4996: 'sprintf': This function or variable may be unsafe. Consider using sprintf_s instead. To disable deprecation, use _CRT_SECURE_NO_WARNINGS. See online help for details. [D:\a\TohoSpec\TohoSpec\SRC\MotSysNSPT\MotSysG.vcxproj]
    21>D:\a\TohoSpec\TohoSpec\SRC\MotSysNSPT\MotSysDlg.cpp(883,7): warning C4996: '_mktemp': This function or variable may be unsafe. Consider using _mktemp_s instead. To disable deprecation, use _CRT_SECURE_NO_WARNINGS. See online help for details. [D:\a\TohoSpec\TohoSpec\SRC\MotSysNSPT\MotSysG.vcxproj]
    21>D:\a\TohoSpec\TohoSpec\SRC\MotSysNSPT\MotSysDlg.cpp(884,4): warning C4996: 'strcpy': This function or variable may be unsafe. Consider using strcpy_s instead. To disable deprecation, use _CRT_SECURE_NO_WARNINGS. See online help for details. [D:\a\TohoSpec\TohoSpec\SRC\MotSysNSPT\MotSysG.vcxproj]
    21>D:\a\TohoSpec\TohoSpec\SRC\MotSysNSPT\MotSysDlg.cpp(885,4): warning C4996: 'strcat': This function or variable may be unsafe. Consider using strcat_s instead. To disable deprecation, use _CRT_SECURE_NO_WARNINGS. See online help for details. [D:\a\TohoSpec\TohoSpec\SRC\MotSysNSPT\MotSysG.vcxproj]
    21>D:\a\TohoSpec\TohoSpec\SRC\MotSysNSPT\MotSysDlg.cpp(886,14): warning C4996: 'fopen': This function or variable may be unsafe. Consider using fopen_s instead. To disable deprecation, use _CRT_SECURE_NO_WARNINGS. See online help for details. [D:\a\TohoSpec\TohoSpec\SRC\MotSysNSPT\MotSysG.vcxproj]
    21>D:\a\TohoSpec\TohoSpec\SRC\MotSysNSPT\MotSysDlg.cpp(901,3): warning C4996: '_splitpath': This function or variable may be unsafe. Consider using _splitpath_s instead. To disable deprecation, use _CRT_SECURE_NO_WARNINGS. See online help for details. [D:\a\TohoSpec\TohoSpec\SRC\MotSysNSPT\MotSysG.vcxproj]
    21>D:\a\TohoSpec\TohoSpec\SRC\MotSysNSPT\MotSysDlg.cpp(903,3): warning C4996: 'sprintf': This function or variable may be unsafe. Consider using sprintf_s instead. To disable deprecation, use _CRT_SECURE_NO_WARNINGS. See online help for details. [D:\a\TohoSpec\TohoSpec\SRC\MotSysNSPT\MotSysG.vcxproj]
    21>D:\a\TohoSpec\TohoSpec\SRC\MotSysNSPT\MotSysDlg.cpp(909,3): warning C4996: 'strcpy': This function or variable may be unsafe. Consider using strcpy_s instead. To disable deprecation, use _CRT_SECURE_NO_WARNINGS. See online help for details. [D:\a\TohoSpec\TohoSpec\SRC\MotSysNSPT\MotSysG.vcxproj]
    21>D:\a\TohoSpec\TohoSpec\SRC\MotSysNSPT\MotSysDlg.cpp(910,3): warning C4996: 'strcat': This function or variable may be unsafe. Consider using strcat_s instead. To disable deprecation, use _CRT_SECURE_NO_WARNINGS. See online help for details. [D:\a\TohoSpec\TohoSpec\SRC\MotSysNSPT\MotSysG.vcxproj]
    21>D:\a\TohoSpec\TohoSpec\SRC\MotSysNSPT\MotSysDlg.cpp(911,13): warning C4996: 'fopen': This function or variable may be unsafe. Consider using fopen_s instead. To disable deprecation, use _CRT_SECURE_NO_WARNINGS. See online help for details. [D:\a\TohoSpec\TohoSpec\SRC\MotSysNSPT\MotSysG.vcxproj]
    21>D:\a\TohoSpec\TohoSpec\SRC\MotSysNSPT\MotSysDlg.cpp(917,4): warning C4996: 'strcpy': This function or variable may be unsafe. Consider using strcpy_s instead. To disable deprecation, use _CRT_SECURE_NO_WARNINGS. See online help for details. [D:\a\TohoSpec\TohoSpec\SRC\MotSysNSPT\MotSysG.vcxproj]
    21>D:\a\TohoSpec\TohoSpec\SRC\MotSysNSPT\MotSysDlg.cpp(918,4): warning C4996: 'strcat': This function or variable may be unsafe. Consider using strcat_s instead. To disable deprecation, use _CRT_SECURE_NO_WARNINGS. See online help for details. [D:\a\TohoSpec\TohoSpec\SRC\MotSysNSPT\MotSysG.vcxproj]
    21>D:\a\TohoSpec\TohoSpec\SRC\MotSysNSPT\MotSysDlg.cpp(927,2): warning C4996: 'strcpy': This function or variable may be unsafe. Consider using strcpy_s instead. To disable deprecation, use _CRT_SECURE_NO_WARNINGS. See online help for details. [D:\a\TohoSpec\TohoSpec\SRC\MotSysNSPT\MotSysG.vcxproj]
    21>D:\a\TohoSpec\TohoSpec\SRC\MotSysNSPT\MotSysDlg.cpp(995,3): warning C4996: 'strcpy': This function or variable may be unsafe. Consider using strcpy_s instead. To disable deprecation, use _CRT_SECURE_NO_WARNINGS. See online help for details. [D:\a\TohoSpec\TohoSpec\SRC\MotSysNSPT\MotSysG.vcxproj]
    21>D:\a\TohoSpec\TohoSpec\SRC\MotSysNSPT\MotSysDlg.cpp(996,3): warning C4996: 'strcat': This function or variable may be unsafe. Consider using strcat_s instead. To disable deprecation, use _CRT_SECURE_NO_WARNINGS. See online help for details. [D:\a\TohoSpec\TohoSpec\SRC\MotSysNSPT\MotSysG.vcxproj]
    21>D:\a\TohoSpec\TohoSpec\SRC\MotSysNSPT\MotSysDlg.cpp(997,3): warning C4996: 'strcat': This function or variable may be unsafe. Consider using strcat_s instead. To disable deprecation, use _CRT_SECURE_NO_WARNINGS. See online help for details. [D:\a\TohoSpec\TohoSpec\SRC\MotSysNSPT\MotSysG.vcxproj]
    21>D:\a\TohoSpec\TohoSpec\SRC\MotSysNSPT\MotSysDlg.cpp(998,3): warning C4996: 'strcat': This function or variable may be unsafe. Consider using strcat_s instead. To disable deprecation, use _CRT_SECURE_NO_WARNINGS. See online help for details. [D:\a\TohoSpec\TohoSpec\SRC\MotSysNSPT\MotSysG.vcxproj]
    21>D:\a\TohoSpec\TohoSpec\SRC\MotSysNSPT\MotSysDlg.cpp(1001,3): warning C4996: 'strcat': This function or variable may be unsafe. Consider using strcat_s instead. To disable deprecation, use _CRT_SECURE_NO_WARNINGS. See online help for details. [D:\a\TohoSpec\TohoSpec\SRC\MotSysNSPT\MotSysG.vcxproj]
    21>D:\a\TohoSpec\TohoSpec\SRC\MotSysNSPT\MotSysDlg.cpp(1004,3): warning C4996: 'strcpy': This function or variable may be unsafe. Consider using strcpy_s instead. To disable deprecation, use _CRT_SECURE_NO_WARNINGS. See online help for details. [D:\a\TohoSpec\TohoSpec\SRC\MotSysNSPT\MotSysG.vcxproj]
    21>D:\a\TohoSpec\TohoSpec\SRC\MotSysNSPT\MotSysDlg.cpp(1005,3): warning C4996: 'strcat': This function or variable may be unsafe. Consider using strcat_s instead. To disable deprecation, use _CRT_SECURE_NO_WARNINGS. See online help for details. [D:\a\TohoSpec\TohoSpec\SRC\MotSysNSPT\MotSysG.vcxproj]
    21>D:\a\TohoSpec\TohoSpec\SRC\MotSysNSPT\MotSysDlg.cpp(1006,3): warning C4996: 'strcat': This function or variable may be unsafe. Consider using strcat_s instead. To disable deprecation, use _CRT_SECURE_NO_WARNINGS. See online help for details. [D:\a\TohoSpec\TohoSpec\SRC\MotSysNSPT\MotSysG.vcxproj]
    21>D:\a\TohoSpec\TohoSpec\SRC\MotSysNSPT\MotSysDlg.cpp(1007,3): warning C4996: 'strcat': This function or variable may be unsafe. Consider using strcat_s instead. To disable deprecation, use _CRT_SECURE_NO_WARNINGS. See online help for details. [D:\a\TohoSpec\TohoSpec\SRC\MotSysNSPT\MotSysG.vcxproj]
    21>D:\a\TohoSpec\TohoSpec\SRC\MotSysNSPT\MotSysDlg.cpp(1010,3): warning C4996: 'strcat': This function or variable may be unsafe. Consider using strcat_s instead. To disable deprecation, use _CRT_SECURE_NO_WARNINGS. See online help for details. [D:\a\TohoSpec\TohoSpec\SRC\MotSysNSPT\MotSysG.vcxproj]
    21>D:\a\TohoSpec\TohoSpec\SRC\MotSysNSPT\MotSysDlg.cpp(1014,21): warning C4996: 'strcpy': This function or variable may be unsafe. Consider using strcpy_s instead. To disable deprecation, use _CRT_SECURE_NO_WARNINGS. See online help for details. [D:\a\TohoSpec\TohoSpec\SRC\MotSysNSPT\MotSysG.vcxproj]
    21>D:\a\TohoSpec\TohoSpec\SRC\MotSysNSPT\MotSysDlg.cpp(1015,21): warning C4996: 'strcpy': This function or variable may be unsafe. Consider using strcpy_s instead. To disable deprecation, use _CRT_SECURE_NO_WARNINGS. See online help for details. [D:\a\TohoSpec\TohoSpec\SRC\MotSysNSPT\MotSysG.vcxproj]
    21>D:\a\TohoSpec\TohoSpec\SRC\MotSysNSPT\MotSysDlg.cpp(1016,18): warning C4996: 'strcpy': This function or variable may be unsafe. Consider using strcpy_s instead. To disable deprecation, use _CRT_SECURE_NO_WARNINGS. See online help for details. [D:\a\TohoSpec\TohoSpec\SRC\MotSysNSPT\MotSysG.vcxproj]
    21>D:\a\TohoSpec\TohoSpec\SRC\MotSysNSPT\MotSysDlg.cpp(1017,22): warning C4996: 'strcpy': This function or variable may be unsafe. Consider using strcpy_s instead. To disable deprecation, use _CRT_SECURE_NO_WARNINGS. See online help for details. [D:\a\TohoSpec\TohoSpec\SRC\MotSysNSPT\MotSysG.vcxproj]
    21>D:\a\TohoSpec\TohoSpec\SRC\MotSysNSPT\MotSysDlg.cpp(1018,18): warning C4996: 'strcpy': This function or variable may be unsafe. Consider using strcpy_s instead. To disable deprecation, use _CRT_SECURE_NO_WARNINGS. See online help for details. [D:\a\TohoSpec\TohoSpec\SRC\MotSysNSPT\MotSysG.vcxproj]
    21>D:\a\TohoSpec\TohoSpec\SRC\MotSysNSPT\MotSysDlg.cpp(1019,18): warning C4996: 'strcpy': This function or variable may be unsafe. Consider using strcpy_s instead. To disable deprecation, use _CRT_SECURE_NO_WARNINGS. See online help for details. [D:\a\TohoSpec\TohoSpec\SRC\MotSysNSPT\MotSysG.vcxproj]
    21>D:\a\TohoSpec\TohoSpec\SRC\MotSysNSPT\MotSysDlg.cpp(1020,22): warning C4996: 'strcpy': This function or variable may be unsafe. Consider using strcpy_s instead. To disable deprecation, use _CRT_SECURE_NO_WARNINGS. See online help for details. [D:\a\TohoSpec\TohoSpec\SRC\MotSysNSPT\MotSysG.vcxproj]
    21>D:\a\TohoSpec\TohoSpec\SRC\MotSysNSPT\MotSysDlg.cpp(1021,12): warning C4996: 'strcpy': This function or variable may be unsafe. Consider using strcpy_s instead. To disable deprecation, use _CRT_SECURE_NO_WARNINGS. See online help for details. [D:\a\TohoSpec\TohoSpec\SRC\MotSysNSPT\MotSysG.vcxproj]
    21>D:\a\TohoSpec\TohoSpec\SRC\MotSysNSPT\MotSysDlg.cpp(1024,3): warning C4996: 'sprintf': This function or variable may be unsafe. Consider using sprintf_s instead. To disable deprecation, use _CRT_SECURE_NO_WARNINGS. See online help for details. [D:\a\TohoSpec\TohoSpec\SRC\MotSysNSPT\MotSysG.vcxproj]
    21>D:\a\TohoSpec\TohoSpec\SRC\MotSysNSPT\MotSysDlg.cpp(1032,4): warning C4996: 'sprintf': This function or variable may be unsafe. Consider using sprintf_s instead. To disable deprecation, use _CRT_SECURE_NO_WARNINGS. See online help for details. [D:\a\TohoSpec\TohoSpec\SRC\MotSysNSPT\MotSysG.vcxproj]
    21>D:\a\TohoSpec\TohoSpec\SRC\MotSysNSPT\MotSysDlg.cpp(1034,4): warning C4996: 'strcat': This function or variable may be unsafe. Consider using strcat_s instead. To disable deprecation, use _CRT_SECURE_NO_WARNINGS. See online help for details. [D:\a\TohoSpec\TohoSpec\SRC\MotSysNSPT\MotSysG.vcxproj]
    21>D:\a\TohoSpec\TohoSpec\SRC\MotSysNSPT\MotSysDlg.cpp(1042,3): warning C4996: 'sprintf': This function or variable may be unsafe. Consider using sprintf_s instead. To disable deprecation, use _CRT_SECURE_NO_WARNINGS. See online help for details. [D:\a\TohoSpec\TohoSpec\SRC\MotSysNSPT\MotSysG.vcxproj]
    21>D:\a\TohoSpec\TohoSpec\SRC\MotSysNSPT\MotSysDlg.cpp(1044,3): warning C4996: 'strcat': This function or variable may be unsafe. Consider using strcat_s instead. To disable deprecation, use _CRT_SECURE_NO_WARNINGS. See online help for details. [D:\a\TohoSpec\TohoSpec\SRC\MotSysNSPT\MotSysG.vcxproj]
    21>D:\a\TohoSpec\TohoSpec\SRC\MotSysNSPT\MotSysDlg.cpp(1047,3): warning C4996: 'strcpy': This function or variable may be unsafe. Consider using strcpy_s instead. To disable deprecation, use _CRT_SECURE_NO_WARNINGS. See online help for details. [D:\a\TohoSpec\TohoSpec\SRC\MotSysNSPT\MotSysG.vcxproj]
    21>D:\a\TohoSpec\TohoSpec\SRC\MotSysNSPT\MotSysDlg.cpp(1048,3): warning C4996: 'strcat': This function or variable may be unsafe. Consider using strcat_s instead. To disable deprecation, use _CRT_SECURE_NO_WARNINGS. See online help for details. [D:\a\TohoSpec\TohoSpec\SRC\MotSysNSPT\MotSysG.vcxproj]
    21>D:\a\TohoSpec\TohoSpec\SRC\MotSysNSPT\MotSysDlg.cpp(1049,3): warning C4996: 'strcat': This function or variable may be unsafe. Consider using strcat_s instead. To disable deprecation, use _CRT_SECURE_NO_WARNINGS. See online help for details. [D:\a\TohoSpec\TohoSpec\SRC\MotSysNSPT\MotSysG.vcxproj]
    21>D:\a\TohoSpec\TohoSpec\SRC\MotSysNSPT\MotSysDlg.cpp(1050,3): warning C4996: 'strcat': This function or variable may be unsafe. Consider using strcat_s instead. To disable deprecation, use _CRT_SECURE_NO_WARNINGS. See online help for details. [D:\a\TohoSpec\TohoSpec\SRC\MotSysNSPT\MotSysG.vcxproj]
    21>D:\a\TohoSpec\TohoSpec\SRC\MotSysNSPT\MotSysDlg.cpp(1051,3): warning C4996: 'strcat': This function or variable may be unsafe. Consider using strcat_s instead. To disable deprecation, use _CRT_SECURE_NO_WARNINGS. See online help for details. [D:\a\TohoSpec\TohoSpec\SRC\MotSysNSPT\MotSysG.vcxproj]
    21>D:\a\TohoSpec\TohoSpec\SRC\MotSysNSPT\MotSysDlg.cpp(1054,3): warning C4996: 'strcat': This function or variable may be unsafe. Consider using strcat_s instead. To disable deprecation, use _CRT_SECURE_NO_WARNINGS. See online help for details. [D:\a\TohoSpec\TohoSpec\SRC\MotSysNSPT\MotSysG.vcxproj]
    21>D:\a\TohoSpec\TohoSpec\SRC\MotSysNSPT\MotSysDlg.cpp(1057,3): warning C4996: 'strcpy': This function or variable may be unsafe. Consider using strcpy_s instead. To disable deprecation, use _CRT_SECURE_NO_WARNINGS. See online help for details. [D:\a\TohoSpec\TohoSpec\SRC\MotSysNSPT\MotSysG.vcxproj]
    21>D:\a\TohoSpec\TohoSpec\SRC\MotSysNSPT\MotSysDlg.cpp(1058,3): warning C4996: 'strcat': This function or variable may be unsafe. Consider using strcat_s instead. To disable deprecation, use _CRT_SECURE_NO_WARNINGS. See online help for details. [D:\a\TohoSpec\TohoSpec\SRC\MotSysNSPT\MotSysG.vcxproj]
    21>D:\a\TohoSpec\TohoSpec\SRC\MotSysNSPT\MotSysDlg.cpp(1059,3): warning C4996: 'strcat': This function or variable may be unsafe. Consider using strcat_s instead. To disable deprecation, use _CRT_SECURE_NO_WARNINGS. See online help for details. [D:\a\TohoSpec\TohoSpec\SRC\MotSysNSPT\MotSysG.vcxproj]
    21>D:\a\TohoSpec\TohoSpec\SRC\MotSysNSPT\MotSysDlg.cpp(1060,3): warning C4996: 'strcat': This function or variable may be unsafe. Consider using strcat_s instead. To disable deprecation, use _CRT_SECURE_NO_WARNINGS. See online help for details. [D:\a\TohoSpec\TohoSpec\SRC\MotSysNSPT\MotSysG.vcxproj]
    21>D:\a\TohoSpec\TohoSpec\SRC\MotSysNSPT\MotSysDlg.cpp(1061,3): warning C4996: 'strcat': This function or variable may be unsafe. Consider using strcat_s instead. To disable deprecation, use _CRT_SECURE_NO_WARNINGS. See online help for details. [D:\a\TohoSpec\TohoSpec\SRC\MotSysNSPT\MotSysG.vcxproj]
    21>D:\a\TohoSpec\TohoSpec\SRC\MotSysNSPT\MotSysDlg.cpp(1064,3): warning C4996: 'strcat': This function or variable may be unsafe. Consider using strcat_s instead. To disable deprecation, use _CRT_SECURE_NO_WARNINGS. See online help for details. [D:\a\TohoSpec\TohoSpec\SRC\MotSysNSPT\MotSysG.vcxproj]
    21>D:\a\TohoSpec\TohoSpec\SRC\MotSysNSPT\MotSysDlg.cpp(1067,3): warning C4996: 'strcpy': This function or variable may be unsafe. Consider using strcpy_s instead. To disable deprecation, use _CRT_SECURE_NO_WARNINGS. See online help for details. [D:\a\TohoSpec\TohoSpec\SRC\MotSysNSPT\MotSysG.vcxproj]
    21>D:\a\TohoSpec\TohoSpec\SRC\MotSysNSPT\MotSysDlg.cpp(1068,3): warning C4996: 'strcat': This function or variable may be unsafe. Consider using strcat_s instead. To disable deprecation, use _CRT_SECURE_NO_WARNINGS. See online help for details. [D:\a\TohoSpec\TohoSpec\SRC\MotSysNSPT\MotSysG.vcxproj]
    21>D:\a\TohoSpec\TohoSpec\SRC\MotSysNSPT\MotSysDlg.cpp(1070,4): warning C4996: 'strcat': This function or variable may be unsafe. Consider using strcat_s instead. To disable deprecation, use _CRT_SECURE_NO_WARNINGS. See online help for details. [D:\a\TohoSpec\TohoSpec\SRC\MotSysNSPT\MotSysG.vcxproj]
    21>D:\a\TohoSpec\TohoSpec\SRC\MotSysNSPT\MotSysDlg.cpp(1072,4): warning C4996: 'strcat': This function or variable may be unsafe. Consider using strcat_s instead. To disable deprecation, use _CRT_SECURE_NO_WARNINGS. See online help for details. [D:\a\TohoSpec\TohoSpec\SRC\MotSysNSPT\MotSysG.vcxproj]
    21>D:\a\TohoSpec\TohoSpec\SRC\MotSysNSPT\MotSysDlg.cpp(1074,3): warning C4996: 'strcat': This function or variable may be unsafe. Consider using strcat_s instead. To disable deprecation, use _CRT_SECURE_NO_WARNINGS. See online help for details. [D:\a\TohoSpec\TohoSpec\SRC\MotSysNSPT\MotSysG.vcxproj]
    21>D:\a\TohoSpec\TohoSpec\SRC\MotSysNSPT\MotSysDlg.cpp(1075,3): warning C4996: 'strcat': This function or variable may be unsafe. Consider using strcat_s instead. To disable deprecation, use _CRT_SECURE_NO_WARNINGS. See online help for details. [D:\a\TohoSpec\TohoSpec\SRC\MotSysNSPT\MotSysG.vcxproj]
    21>D:\a\TohoSpec\TohoSpec\SRC\MotSysNSPT\MotSysDlg.cpp(1078,3): warning C4996: 'strcat': This function or variable may be unsafe. Consider using strcat_s instead. To disable deprecation, use _CRT_SECURE_NO_WARNINGS. See online help for details. [D:\a\TohoSpec\TohoSpec\SRC\MotSysNSPT\MotSysG.vcxproj]
    21>D:\a\TohoSpec\TohoSpec\SRC\MotSysNSPT\MotSysDlg.cpp(1081,3): warning C4996: 'strcpy': This function or variable may be unsafe. Consider using strcpy_s instead. To disable deprecation, use _CRT_SECURE_NO_WARNINGS. See online help for details. [D:\a\TohoSpec\TohoSpec\SRC\MotSysNSPT\MotSysG.vcxproj]
    21>D:\a\TohoSpec\TohoSpec\SRC\MotSysNSPT\MotSysDlg.cpp(1082,3): warning C4996: 'strcat': This function or variable may be unsafe. Consider using strcat_s instead. To disable deprecation, use _CRT_SECURE_NO_WARNINGS. See online help for details. [D:\a\TohoSpec\TohoSpec\SRC\MotSysNSPT\MotSysG.vcxproj]
    21>D:\a\TohoSpec\TohoSpec\SRC\MotSysNSPT\MotSysDlg.cpp(1083,3): warning C4996: 'strcat': This function or variable may be unsafe. Consider using strcat_s instead. To disable deprecation, use _CRT_SECURE_NO_WARNINGS. See online help for details. [D:\a\TohoSpec\TohoSpec\SRC\MotSysNSPT\MotSysG.vcxproj]
    21>D:\a\TohoSpec\TohoSpec\SRC\MotSysNSPT\MotSysDlg.cpp(1084,3): warning C4996: 'strcat': This function or variable may be unsafe. Consider using strcat_s instead. To disable deprecation, use _CRT_SECURE_NO_WARNINGS. See online help for details. [D:\a\TohoSpec\TohoSpec\SRC\MotSysNSPT\MotSysG.vcxproj]
    21>D:\a\TohoSpec\TohoSpec\SRC\MotSysNSPT\MotSysDlg.cpp(1087,3): warning C4996: 'strcat': This function or variable may be unsafe. Consider using strcat_s instead. To disable deprecation, use _CRT_SECURE_NO_WARNINGS. See online help for details. [D:\a\TohoSpec\TohoSpec\SRC\MotSysNSPT\MotSysG.vcxproj]
    21>D:\a\TohoSpec\TohoSpec\SRC\MotSysNSPT\MotSysDlg.cpp(1092,4): warning C4996: 'strcat': This function or variable may be unsafe. Consider using strcat_s instead. To disable deprecation, use _CRT_SECURE_NO_WARNINGS. See online help for details. [D:\a\TohoSpec\TohoSpec\SRC\MotSysNSPT\MotSysG.vcxproj]
    21>D:\a\TohoSpec\TohoSpec\SRC\MotSysNSPT\MotSysDlg.cpp(1095,4): warning C4996: 'strcat': This function or variable may be unsafe. Consider using strcat_s instead. To disable deprecation, use _CRT_SECURE_NO_WARNINGS. See online help for details. [D:\a\TohoSpec\TohoSpec\SRC\MotSysNSPT\MotSysG.vcxproj]
    21>D:\a\TohoSpec\TohoSpec\SRC\MotSysNSPT\MotSysDlg.cpp(1098,4): warning C4996: 'strcat': This function or variable may be unsafe. Consider using strcat_s instead. To disable deprecation, use _CRT_SECURE_NO_WARNINGS. See online help for details. [D:\a\TohoSpec\TohoSpec\SRC\MotSysNSPT\MotSysG.vcxproj]
    21>D:\a\TohoSpec\TohoSpec\SRC\MotSysNSPT\MotSysDlg.cpp(1101,4): warning C4996: 'strcat': This function or variable may be unsafe. Consider using strcat_s instead. To disable deprecation, use _CRT_SECURE_NO_WARNINGS. See online help for details. [D:\a\TohoSpec\TohoSpec\SRC\MotSysNSPT\MotSysG.vcxproj]
    21>D:\a\TohoSpec\TohoSpec\SRC\MotSysNSPT\MotSysDlg.cpp(1104,4): warning C4996: 'strcat': This function or variable may be unsafe. Consider using strcat_s instead. To disable deprecation, use _CRT_SECURE_NO_WARNINGS. See online help for details. [D:\a\TohoSpec\TohoSpec\SRC\MotSysNSPT\MotSysG.vcxproj]
    21>D:\a\TohoSpec\TohoSpec\SRC\MotSysNSPT\MotSysDlg.cpp(1107,3): warning C4996: 'sprintf': This function or variable may be unsafe. Consider using sprintf_s instead. To disable deprecation, use _CRT_SECURE_NO_WARNINGS. See online help for details. [D:\a\TohoSpec\TohoSpec\SRC\MotSysNSPT\MotSysG.vcxproj]
    21>D:\a\TohoSpec\TohoSpec\SRC\MotSysNSPT\MotSysDlg.cpp(1110,3): warning C4996: 'strcat': This function or variable may be unsafe. Consider using strcat_s instead. To disable deprecation, use _CRT_SECURE_NO_WARNINGS. See online help for details. [D:\a\TohoSpec\TohoSpec\SRC\MotSysNSPT\MotSysG.vcxproj]
    21>D:\a\TohoSpec\TohoSpec\SRC\MotSysNSPT\MotSysDlg.cpp(1188,2): warning C4996: '_ltoa': This function or variable may be unsafe. Consider using _ltoa_s instead. To disable deprecation, use _CRT_SECURE_NO_WARNINGS. See online help for details. [D:\a\TohoSpec\TohoSpec\SRC\MotSysNSPT\MotSysG.vcxproj]
    21>D:\a\TohoSpec\TohoSpec\SRC\MotSysNSPT\MotSysDlg.cpp(1191,2): warning C4996: 'strcat': This function or variable may be unsafe. Consider using strcat_s instead. To disable deprecation, use _CRT_SECURE_NO_WARNINGS. See online help for details. [D:\a\TohoSpec\TohoSpec\SRC\MotSysNSPT\MotSysG.vcxproj]
    21>D:\a\TohoSpec\TohoSpec\SRC\MotSysNSPT\MotSysDlg.cpp(1194,3): warning C4996: 'strcpy': This function or variable may be unsafe. Consider using strcpy_s instead. To disable deprecation, use _CRT_SECURE_NO_WARNINGS. See online help for details. [D:\a\TohoSpec\TohoSpec\SRC\MotSysNSPT\MotSysG.vcxproj]
    21>D:\a\TohoSpec\TohoSpec\SRC\MotSysNSPT\MotSysDlg.cpp(1199,3): warning C4996: 'strcpy': This function or variable may be unsafe. Consider using strcpy_s instead. To disable deprecation, use _CRT_SECURE_NO_WARNINGS. See online help for details. [D:\a\TohoSpec\TohoSpec\SRC\MotSysNSPT\MotSysG.vcxproj]
    21>D:\a\TohoSpec\TohoSpec\SRC\MotSysNSPT\MotSysDlg.cpp(1207,3): warning C4996: 'strcpy': This function or variable may be unsafe. Consider using strcpy_s instead. To disable deprecation, use _CRT_SECURE_NO_WARNINGS. See online help for details. [D:\a\TohoSpec\TohoSpec\SRC\MotSysNSPT\MotSysG.vcxproj]
    21>D:\a\TohoSpec\TohoSpec\SRC\MotSysNSPT\MotSysDlg.cpp(1210,2): warning C4996: 'strcpy': This function or variable may be unsafe. Consider using strcpy_s instead. To disable deprecation, use _CRT_SECURE_NO_WARNINGS. See online help for details. [D:\a\TohoSpec\TohoSpec\SRC\MotSysNSPT\MotSysG.vcxproj]
    21>D:\a\TohoSpec\TohoSpec\SRC\MotSysNSPT\MotSysDlg.cpp(1294,2): warning C4996: 'sprintf': This function or variable may be unsafe. Consider using sprintf_s instead. To disable deprecation, use _CRT_SECURE_NO_WARNINGS. See online help for details. [D:\a\TohoSpec\TohoSpec\SRC\MotSysNSPT\MotSysG.vcxproj]
    21>D:\a\TohoSpec\TohoSpec\SRC\MotSysNSPT\MotSysDlg.cpp(1299,3): warning C4996: 'sprintf': This function or variable may be unsafe. Consider using sprintf_s instead. To disable deprecation, use _CRT_SECURE_NO_WARNINGS. See online help for details. [D:\a\TohoSpec\TohoSpec\SRC\MotSysNSPT\MotSysG.vcxproj]
    21>D:\a\TohoSpec\TohoSpec\SRC\MotSysNSPT\MotSysDlg.cpp(1305,3): warning C4996: 'sprintf': This function or variable may be unsafe. Consider using sprintf_s instead. To disable deprecation, use _CRT_SECURE_NO_WARNINGS. See online help for details. [D:\a\TohoSpec\TohoSpec\SRC\MotSysNSPT\MotSysG.vcxproj]
    21>D:\a\TohoSpec\TohoSpec\SRC\MotSysNSPT\MotSysDlg.cpp(1522,2): warning C4996: 'strcat': This function or variable may be unsafe. Consider using strcat_s instead. To disable deprecation, use _CRT_SECURE_NO_WARNINGS. See online help for details. [D:\a\TohoSpec\TohoSpec\SRC\MotSysNSPT\MotSysG.vcxproj]
    21>D:\a\TohoSpec\TohoSpec\SRC\MotSysNSPT\MotSysDlg.cpp(1523,2): warning C4996: 'strcat': This function or variable may be unsafe. Consider using strcat_s instead. To disable deprecation, use _CRT_SECURE_NO_WARNINGS. See online help for details. [D:\a\TohoSpec\TohoSpec\SRC\MotSysNSPT\MotSysG.vcxproj]
    21>D:\a\TohoSpec\TohoSpec\SRC\MotSysNSPT\MotSysDlg.cpp(1551,2): warning C4996: 'strcat': This function or variable may be unsafe. Consider using strcat_s instead. To disable deprecation, use _CRT_SECURE_NO_WARNINGS. See online help for details. [D:\a\TohoSpec\TohoSpec\SRC\MotSysNSPT\MotSysG.vcxproj]
    21>D:\a\TohoSpec\TohoSpec\SRC\MotSysNSPT\MotSysDlg.cpp(1553,2): warning C4996: 'strcat': This function or variable may be unsafe. Consider using strcat_s instead. To disable deprecation, use _CRT_SECURE_NO_WARNINGS. See online help for details. [D:\a\TohoSpec\TohoSpec\SRC\MotSysNSPT\MotSysG.vcxproj]
    21>D:\a\TohoSpec\TohoSpec\SRC\MotSysNSPT\MotSysDlg.cpp(1554,2): warning C4996: 'strcat': This function or variable may be unsafe. Consider using strcat_s instead. To disable deprecation, use _CRT_SECURE_NO_WARNINGS. See online help for details. [D:\a\TohoSpec\TohoSpec\SRC\MotSysNSPT\MotSysG.vcxproj]
    21>D:\a\TohoSpec\TohoSpec\SRC\MotSysNSPT\MotSysDlg.cpp(1555,2): warning C4996: 'strcat': This function or variable may be unsafe. Consider using strcat_s instead. To disable deprecation, use _CRT_SECURE_NO_WARNINGS. See online help for details. [D:\a\TohoSpec\TohoSpec\SRC\MotSysNSPT\MotSysG.vcxproj]
    21>D:\a\TohoSpec\TohoSpec\SRC\MotSysNSPT\MotSysDlg.cpp(1556,2): warning C4996: 'strcat': This function or variable may be unsafe. Consider using strcat_s instead. To disable deprecation, use _CRT_SECURE_NO_WARNINGS. See online help for details. [D:\a\TohoSpec\TohoSpec\SRC\MotSysNSPT\MotSysG.vcxproj]
    21>D:\a\TohoSpec\TohoSpec\SRC\MotSysNSPT\MotSysDlg.cpp(1557,2): warning C4996: 'strcat': This function or variable may be unsafe. Consider using strcat_s instead. To disable deprecation, use _CRT_SECURE_NO_WARNINGS. See online help for details. [D:\a\TohoSpec\TohoSpec\SRC\MotSysNSPT\MotSysG.vcxproj]
    21>D:\a\TohoSpec\TohoSpec\SRC\MotSysNSPT\MotSysDlg.cpp(1558,2): warning C4996: 'strcat': This function or variable may be unsafe. Consider using strcat_s instead. To disable deprecation, use _CRT_SECURE_NO_WARNINGS. See online help for details. [D:\a\TohoSpec\TohoSpec\SRC\MotSysNSPT\MotSysG.vcxproj]
    21>D:\a\TohoSpec\TohoSpec\SRC\MotSysNSPT\MotSysDlg.cpp(1559,2): warning C4996: 'strcat': This function or variable may be unsafe. Consider using strcat_s instead. To disable deprecation, use _CRT_SECURE_NO_WARNINGS. See online help for details. [D:\a\TohoSpec\TohoSpec\SRC\MotSysNSPT\MotSysG.vcxproj]
    21>D:\a\TohoSpec\TohoSpec\SRC\MotSysNSPT\LogFile.cpp(16,2): warning C4996: 'strcpy': This function or variable may be unsafe. Consider using strcpy_s instead. To disable deprecation, use _CRT_SECURE_NO_WARNINGS. See online help for details. [D:\a\TohoSpec\TohoSpec\SRC\MotSysNSPT\MotSysG.vcxproj]
    21>D:\a\TohoSpec\TohoSpec\SRC\MotSysNSPT\LogFile.cpp(36,2): warning C4996: 'sprintf': This function or variable may be unsafe. Consider using sprintf_s instead. To disable deprecation, use _CRT_SECURE_NO_WARNINGS. See online help for details. [D:\a\TohoSpec\TohoSpec\SRC\MotSysNSPT\MotSysG.vcxproj]
    21>D:\a\TohoSpec\TohoSpec\SRC\MotSysNSPT\LogFile.cpp(37,2): warning C4996: 'sprintf': This function or variable may be unsafe. Consider using sprintf_s instead. To disable deprecation, use _CRT_SECURE_NO_WARNINGS. See online help for details. [D:\a\TohoSpec\TohoSpec\SRC\MotSysNSPT\MotSysG.vcxproj]
    21>D:\a\TohoSpec\TohoSpec\SRC\MotSysNSPT\LogFile.cpp(59,2): warning C4996: 'sprintf': This function or variable may be unsafe. Consider using sprintf_s instead. To disable deprecation, use _CRT_SECURE_NO_WARNINGS. See online help for details. [D:\a\TohoSpec\TohoSpec\SRC\MotSysNSPT\MotSysG.vcxproj]
    21>D:\a\TohoSpec\TohoSpec\SRC\MotSysNSPT\LogFile.cpp(65,4): warning C4996: 'sprintf': This function or variable may be unsafe. Consider using sprintf_s instead. To disable deprecation, use _CRT_SECURE_NO_WARNINGS. See online help for details. [D:\a\TohoSpec\TohoSpec\SRC\MotSysNSPT\MotSysG.vcxproj]
    21>D:\a\TohoSpec\TohoSpec\SRC\MotSysNSPT\LogFile.cpp(75,5): warning C4996: 'sprintf': This function or variable may be unsafe. Consider using sprintf_s instead. To disable deprecation, use _CRT_SECURE_NO_WARNINGS. See online help for details. [D:\a\TohoSpec\TohoSpec\SRC\MotSysNSPT\MotSysG.vcxproj]
    21>D:\a\TohoSpec\TohoSpec\SRC\MotSysNSPT\LogFile.cpp(80,6): warning C4996: 'sprintf': This function or variable may be unsafe. Consider using sprintf_s instead. To disable deprecation, use _CRT_SECURE_NO_WARNINGS. See online help for details. [D:\a\TohoSpec\TohoSpec\SRC\MotSysNSPT\MotSysG.vcxproj]
    21>D:\a\TohoSpec\TohoSpec\SRC\MotSysNSPT\LogFile.cpp(115,4): warning C4996: 'sprintf': This function or variable may be unsafe. Consider using sprintf_s instead. To disable deprecation, use _CRT_SECURE_NO_WARNINGS. See online help for details. [D:\a\TohoSpec\TohoSpec\SRC\MotSysNSPT\MotSysG.vcxproj]
    21>D:\a\TohoSpec\TohoSpec\SRC\MotSysNSPT\LogFile.cpp(117,4): warning C4996: 'strcat': This function or variable may be unsafe. Consider using strcat_s instead. To disable deprecation, use _CRT_SECURE_NO_WARNINGS. See online help for details. [D:\a\TohoSpec\TohoSpec\SRC\MotSysNSPT\MotSysG.vcxproj]
    21>D:\a\TohoSpec\TohoSpec\SRC\MotSysNSPT\LogFile.cpp(124,4): warning C4996: 'sprintf': This function or variable may be unsafe. Consider using sprintf_s instead. To disable deprecation, use _CRT_SECURE_NO_WARNINGS. See online help for details. [D:\a\TohoSpec\TohoSpec\SRC\MotSysNSPT\MotSysG.vcxproj]
    21>D:\a\TohoSpec\TohoSpec\SRC\MotSysNSPT\LogFile.cpp(126,4): warning C4996: 'strcat': This function or variable may be unsafe. Consider using strcat_s instead. To disable deprecation, use _CRT_SECURE_NO_WARNINGS. See online help for details. [D:\a\TohoSpec\TohoSpec\SRC\MotSysNSPT\MotSysG.vcxproj]
    21>D:\a\TohoSpec\TohoSpec\SRC\MotSysNSPT\LogFile.cpp(174,3): warning C4996: 'sprintf': This function or variable may be unsafe. Consider using sprintf_s instead. To disable deprecation, use _CRT_SECURE_NO_WARNINGS. See online help for details. [D:\a\TohoSpec\TohoSpec\SRC\MotSysNSPT\MotSysG.vcxproj]
    21>D:\a\TohoSpec\TohoSpec\SRC\MotSysNSPT\LogFile.cpp(177,3): warning C4996: 'sprintf': This function or variable may be unsafe. Consider using sprintf_s instead. To disable deprecation, use _CRT_SECURE_NO_WARNINGS. See online help for details. [D:\a\TohoSpec\TohoSpec\SRC\MotSysNSPT\MotSysG.vcxproj]
    21>D:\a\TohoSpec\TohoSpec\SRC\MotSysNSPT\LogFile.cpp(180,3): warning C4996: 'sprintf': This function or variable may be unsafe. Consider using sprintf_s instead. To disable deprecation, use _CRT_SECURE_NO_WARNINGS. See online help for details. [D:\a\TohoSpec\TohoSpec\SRC\MotSysNSPT\MotSysG.vcxproj]
    21>D:\a\TohoSpec\TohoSpec\SRC\MotSysNSPT\LogFile.cpp(185,3): warning C4996: 'sprintf': This function or variable may be unsafe. Consider using sprintf_s instead. To disable deprecation, use _CRT_SECURE_NO_WARNINGS. See online help for details. [D:\a\TohoSpec\TohoSpec\SRC\MotSysNSPT\MotSysG.vcxproj]
    21>D:\a\TohoSpec\TohoSpec\SRC\MotSysNSPT\LogFile.cpp(188,3): warning C4996: 'sprintf': This function or variable may be unsafe. Consider using sprintf_s instead. To disable deprecation, use _CRT_SECURE_NO_WARNINGS. See online help for details. [D:\a\TohoSpec\TohoSpec\SRC\MotSysNSPT\MotSysG.vcxproj]
    21>D:\a\TohoSpec\TohoSpec\SRC\MotSysNSPT\LogFile.cpp(207,2): warning C4996: 'sprintf': This function or variable may be unsafe. Consider using sprintf_s instead. To disable deprecation, use _CRT_SECURE_NO_WARNINGS. See online help for details. [D:\a\TohoSpec\TohoSpec\SRC\MotSysNSPT\MotSysG.vcxproj]
    21>D:\a\TohoSpec\TohoSpec\SRC\MotSysNSPT\LogFile.cpp(213,4): warning C4996: 'sprintf': This function or variable may be unsafe. Consider using sprintf_s instead. To disable deprecation, use _CRT_SECURE_NO_WARNINGS. See online help for details. [D:\a\TohoSpec\TohoSpec\SRC\MotSysNSPT\MotSysG.vcxproj]
    21>D:\a\TohoSpec\TohoSpec\SRC\MotSysNSPT\LogFile.cpp(215,5): warning C4996: 'sprintf': This function or variable may be unsafe. Consider using sprintf_s instead. To disable deprecation, use _CRT_SECURE_NO_WARNINGS. See online help for details. [D:\a\TohoSpec\TohoSpec\SRC\MotSysNSPT\MotSysG.vcxproj]
    21>D:\a\TohoSpec\TohoSpec\SRC\MotSysNSPT\LogFile.cpp(228,2): warning C4996: 'strcpy': This function or variable may be unsafe. Consider using strcpy_s instead. To disable deprecation, use _CRT_SECURE_NO_WARNINGS. See online help for details. [D:\a\TohoSpec\TohoSpec\SRC\MotSysNSPT\MotSysG.vcxproj]
    21>D:\a\TohoSpec\TohoSpec\SRC\MotSysNSPT\LogFile.cpp(229,2): warning C4996: 'strcpy': This function or variable may be unsafe. Consider using strcpy_s instead. To disable deprecation, use _CRT_SECURE_NO_WARNINGS. See online help for details. [D:\a\TohoSpec\TohoSpec\SRC\MotSysNSPT\MotSysG.vcxproj]
    21>D:\a\TohoSpec\TohoSpec\SRC\MotSysNSPT\LogFile.cpp(237,3): warning C4996: 'strcpy': This function or variable may be unsafe. Consider using strcpy_s instead. To disable deprecation, use _CRT_SECURE_NO_WARNINGS. See online help for details. [D:\a\TohoSpec\TohoSpec\SRC\MotSysNSPT\MotSysG.vcxproj]
    21>D:\a\TohoSpec\TohoSpec\SRC\MotSysNSPT\LogFile.cpp(238,3): warning C4996: 'strcat': This function or variable may be unsafe. Consider using strcat_s instead. To disable deprecation, use _CRT_SECURE_NO_WARNINGS. See online help for details. [D:\a\TohoSpec\TohoSpec\SRC\MotSysNSPT\MotSysG.vcxproj]
    21>D:\a\TohoSpec\TohoSpec\SRC\MotSysNSPT\LogFile.cpp(244,4): warning C4996: 'strcpy': This function or variable may be unsafe. Consider using strcpy_s instead. To disable deprecation, use _CRT_SECURE_NO_WARNINGS. See online help for details. [D:\a\TohoSpec\TohoSpec\SRC\MotSysNSPT\MotSysG.vcxproj]
    21>D:\a\TohoSpec\TohoSpec\SRC\MotSysNSPT\LogFile.cpp(245,4): warning C4996: 'strcat': This function or variable may be unsafe. Consider using strcat_s instead. To disable deprecation, use _CRT_SECURE_NO_WARNINGS. See online help for details. [D:\a\TohoSpec\TohoSpec\SRC\MotSysNSPT\MotSysG.vcxproj]
    21>D:\a\TohoSpec\TohoSpec\SRC\MotSysNSPT\LogFile.cpp(276,2): warning C4996: 'sprintf': This function or variable may be unsafe. Consider using sprintf_s instead. To disable deprecation, use _CRT_SECURE_NO_WARNINGS. See online help for details. [D:\a\TohoSpec\TohoSpec\SRC\MotSysNSPT\MotSysG.vcxproj]
    21>D:\a\TohoSpec\TohoSpec\SRC\MotSysNSPT\LogFile.cpp(294,2): warning C4996: 'sprintf': This function or variable may be unsafe. Consider using sprintf_s instead. To disable deprecation, use _CRT_SECURE_NO_WARNINGS. See online help for details. [D:\a\TohoSpec\TohoSpec\SRC\MotSysNSPT\MotSysG.vcxproj]
    21>D:\a\TohoSpec\TohoSpec\SRC\MotSysNSPT\LogFile.cpp(313,2): warning C4996: 'sprintf': This function or variable may be unsafe. Consider using sprintf_s instead. To disable deprecation, use _CRT_SECURE_NO_WARNINGS. See online help for details. [D:\a\TohoSpec\TohoSpec\SRC\MotSysNSPT\MotSysG.vcxproj]
    21>D:\a\TohoSpec\TohoSpec\SRC\MotSysNSPT\LogFile.cpp(324,2): warning C4996: 'sprintf': This function or variable may be unsafe. Consider using sprintf_s instead. To disable deprecation, use _CRT_SECURE_NO_WARNINGS. See online help for details. [D:\a\TohoSpec\TohoSpec\SRC\MotSysNSPT\MotSysG.vcxproj]
    21>D:\a\TohoSpec\TohoSpec\SRC\MotSysNSPT\LogFile.cpp(330,3): warning C4996: 'sprintf': This function or variable may be unsafe. Consider using sprintf_s instead. To disable deprecation, use _CRT_SECURE_NO_WARNINGS. See online help for details. [D:\a\TohoSpec\TohoSpec\SRC\MotSysNSPT\MotSysG.vcxproj]
    21>D:\a\TohoSpec\TohoSpec\SRC\MotSysNSPT\LogFile.cpp(332,4): warning C4996: 'sprintf': This function or variable may be unsafe. Consider using sprintf_s instead. To disable deprecation, use _CRT_SECURE_NO_WARNINGS. See online help for details. [D:\a\TohoSpec\TohoSpec\SRC\MotSysNSPT\MotSysG.vcxproj]
    21>D:\a\TohoSpec\TohoSpec\SRC\MotSysNSPT\CtrlCmd.cpp(44,2): warning C4996: 'sprintf': This function or variable may be unsafe. Consider using sprintf_s instead. To disable deprecation, use _CRT_SECURE_NO_WARNINGS. See online help for details. [D:\a\TohoSpec\TohoSpec\SRC\MotSysNSPT\MotSysG.vcxproj]
    21>D:\a\TohoSpec\TohoSpec\SRC\MotSysNSPT\CtrlCmd.cpp(47,2): warning C4996: 'sprintf': This function or variable may be unsafe. Consider using sprintf_s instead. To disable deprecation, use _CRT_SECURE_NO_WARNINGS. See online help for details. [D:\a\TohoSpec\TohoSpec\SRC\MotSysNSPT\MotSysG.vcxproj]
    21>D:\a\TohoSpec\TohoSpec\SRC\MotSysNSPT\CtrlCmd.cpp(76,2): warning C4996: 'strcpy': This function or variable may be unsafe. Consider using strcpy_s instead. To disable deprecation, use _CRT_SECURE_NO_WARNINGS. See online help for details. [D:\a\TohoSpec\TohoSpec\SRC\MotSysNSPT\MotSysG.vcxproj]
    21>D:\a\TohoSpec\TohoSpec\SRC\MotSysNSPT\CtrlCmd.cpp(87,5): warning C4996: 'sprintf': This function or variable may be unsafe. Consider using sprintf_s instead. To disable deprecation, use _CRT_SECURE_NO_WARNINGS. See online help for details. [D:\a\TohoSpec\TohoSpec\SRC\MotSysNSPT\MotSysG.vcxproj]
    21>D:\a\TohoSpec\TohoSpec\SRC\MotSysNSPT\CtrlCmd.cpp(95,5): warning C4996: 'sprintf': This function or variable may be unsafe. Consider using sprintf_s instead. To disable deprecation, use _CRT_SECURE_NO_WARNINGS. See online help for details. [D:\a\TohoSpec\TohoSpec\SRC\MotSysNSPT\MotSysG.vcxproj]
    21>D:\a\TohoSpec\TohoSpec\SRC\MotSysNSPT\CtrlCmd.cpp(103,5): warning C4996: 'sprintf': This function or variable may be unsafe. Consider using sprintf_s instead. To disable deprecation, use _CRT_SECURE_NO_WARNINGS. See online help for details. [D:\a\TohoSpec\TohoSpec\SRC\MotSysNSPT\MotSysG.vcxproj]
    21>D:\a\TohoSpec\TohoSpec\SRC\MotSysNSPT\CtrlCmd.cpp(111,5): warning C4996: 'sprintf': This function or variable may be unsafe. Consider using sprintf_s instead. To disable deprecation, use _CRT_SECURE_NO_WARNINGS. See online help for details. [D:\a\TohoSpec\TohoSpec\SRC\MotSysNSPT\MotSysG.vcxproj]
    21>D:\a\TohoSpec\TohoSpec\SRC\MotSysNSPT\CtrlCmd.cpp(119,5): warning C4996: 'sprintf': This function or variable may be unsafe. Consider using sprintf_s instead. To disable deprecation, use _CRT_SECURE_NO_WARNINGS. See online help for details. [D:\a\TohoSpec\TohoSpec\SRC\MotSysNSPT\MotSysG.vcxproj]
    21>D:\a\TohoSpec\TohoSpec\SRC\MotSysNSPT\CtrlCmd.cpp(127,5): warning C4996: 'sprintf': This function or variable may be unsafe. Consider using sprintf_s instead. To disable deprecation, use _CRT_SECURE_NO_WARNINGS. See online help for details. [D:\a\TohoSpec\TohoSpec\SRC\MotSysNSPT\MotSysG.vcxproj]
    21>D:\a\TohoSpec\TohoSpec\SRC\MotSysNSPT\CtrlCmd.cpp(133,4): warning C4996: 'strcpy': This function or variable may be unsafe. Consider using strcpy_s instead. To disable deprecation, use _CRT_SECURE_NO_WARNINGS. See online help for details. [D:\a\TohoSpec\TohoSpec\SRC\MotSysNSPT\MotSysG.vcxproj]
    21>D:\a\TohoSpec\TohoSpec\SRC\MotSysNSPT\CtrlCmd.cpp(141,4): warning C4996: 'strcpy': This function or variable may be unsafe. Consider using strcpy_s instead. To disable deprecation, use _CRT_SECURE_NO_WARNINGS. See online help for details. [D:\a\TohoSpec\TohoSpec\SRC\MotSysNSPT\MotSysG.vcxproj]
    21>D:\a\TohoSpec\TohoSpec\SRC\MotSysNSPT\CtrlCmd.cpp(194,2): warning C4996: 'strcpy': This function or variable may be unsafe. Consider using strcpy_s instead. To disable deprecation, use _CRT_SECURE_NO_WARNINGS. See online help for details. [D:\a\TohoSpec\TohoSpec\SRC\MotSysNSPT\MotSysG.vcxproj]
    21>D:\a\TohoSpec\TohoSpec\SRC\MotSysNSPT\CtrlCmd.cpp(195,2): warning C4996: 'strcat': This function or variable may be unsafe. Consider using strcat_s instead. To disable deprecation, use _CRT_SECURE_NO_WARNINGS. See online help for details. [D:\a\TohoSpec\TohoSpec\SRC\MotSysNSPT\MotSysG.vcxproj]
    21>D:\a\TohoSpec\TohoSpec\SRC\MotSysNSPT\CtrlCmd.cpp(196,12): warning C4996: 'fopen': This function or variable may be unsafe. Consider using fopen_s instead. To disable deprecation, use _CRT_SECURE_NO_WARNINGS. See online help for details. [D:\a\TohoSpec\TohoSpec\SRC\MotSysNSPT\MotSysG.vcxproj]
    21>D:\a\TohoSpec\TohoSpec\SRC\MotSysNSPT\CtrlCmd.cpp(207,4): warning C4996: 'strcpy': This function or variable may be unsafe. Consider using strcpy_s instead. To disable deprecation, use _CRT_SECURE_NO_WARNINGS. See online help for details. [D:\a\TohoSpec\TohoSpec\SRC\MotSysNSPT\MotSysG.vcxproj]
    21>D:\a\TohoSpec\TohoSpec\SRC\MotSysNSPT\CtrlCmd.cpp(237,13): warning C4996: 'fopen': This function or variable may be unsafe. Consider using fopen_s instead. To disable deprecation, use _CRT_SECURE_NO_WARNINGS. See online help for details. [D:\a\TohoSpec\TohoSpec\SRC\MotSysNSPT\MotSysG.vcxproj]
    21>D:\a\TohoSpec\TohoSpec\SRC\MotSysNSPT\CtrlCmd.cpp(240,5): warning C4996: 'sprintf': This function or variable may be unsafe. Consider using sprintf_s instead. To disable deprecation, use _CRT_SECURE_NO_WARNINGS. See online help for details. [D:\a\TohoSpec\TohoSpec\SRC\MotSysNSPT\MotSysG.vcxproj]
    21>D:\a\TohoSpec\TohoSpec\SRC\MotSysNSPT\CtrlCmd.cpp(244,4): warning C4996: 'sprintf': This function or variable may be unsafe. Consider using sprintf_s instead. To disable deprecation, use _CRT_SECURE_NO_WARNINGS. See online help for details. [D:\a\TohoSpec\TohoSpec\SRC\MotSysNSPT\MotSysG.vcxproj]
    21>D:\a\TohoSpec\TohoSpec\SRC\MotSysNSPT\CtrlCmd.cpp(250,4): warning C4996: 'sprintf': This function or variable may be unsafe. Consider using sprintf_s instead. To disable deprecation, use _CRT_SECURE_NO_WARNINGS. See online help for details. [D:\a\TohoSpec\TohoSpec\SRC\MotSysNSPT\MotSysG.vcxproj]
    21>D:\a\TohoSpec\TohoSpec\SRC\MotSysNSPT\CtrlCmd.cpp(275,2): warning C4996: 'strcpy': This function or variable may be unsafe. Consider using strcpy_s instead. To disable deprecation, use _CRT_SECURE_NO_WARNINGS. See online help for details. [D:\a\TohoSpec\TohoSpec\SRC\MotSysNSPT\MotSysG.vcxproj]
    21>D:\a\TohoSpec\TohoSpec\SRC\MotSysNSPT\CtrlCmd.cpp(277,12): warning C4996: 'fopen': This function or variable may be unsafe. Consider using fopen_s instead. To disable deprecation, use _CRT_SECURE_NO_WARNINGS. See online help for details. [D:\a\TohoSpec\TohoSpec\SRC\MotSysNSPT\MotSysG.vcxproj]
    21>D:\a\TohoSpec\TohoSpec\SRC\MotSysNSPT\CtrlCmd.cpp(284,3): warning C4996: 'sprintf': This function or variable may be unsafe. Consider using sprintf_s instead. To disable deprecation, use _CRT_SECURE_NO_WARNINGS. See online help for details. [D:\a\TohoSpec\TohoSpec\SRC\MotSysNSPT\MotSysG.vcxproj]
    21>D:\a\TohoSpec\TohoSpec\SRC\MotSysNSPT\CtrlCmd.cpp(338,4): warning C4996: 'sprintf': This function or variable may be unsafe. Consider using sprintf_s instead. To disable deprecation, use _CRT_SECURE_NO_WARNINGS. See online help for details. [D:\a\TohoSpec\TohoSpec\SRC\MotSysNSPT\MotSysG.vcxproj]
    21>D:\a\TohoSpec\TohoSpec\SRC\MotSysNSPT\CtrlCmd.cpp(355,6): warning C4996: 'sprintf': This function or variable may be unsafe. Consider using sprintf_s instead. To disable deprecation, use _CRT_SECURE_NO_WARNINGS. See online help for details. [D:\a\TohoSpec\TohoSpec\SRC\MotSysNSPT\MotSysG.vcxproj]
    21>D:\a\TohoSpec\TohoSpec\SRC\MotSysNSPT\CtrlCmd.cpp(388,7): warning C4996: 'sprintf': This function or variable may be unsafe. Consider using sprintf_s instead. To disable deprecation, use _CRT_SECURE_NO_WARNINGS. See online help for details. [D:\a\TohoSpec\TohoSpec\SRC\MotSysNSPT\MotSysG.vcxproj]
    21>D:\a\TohoSpec\TohoSpec\SRC\MotSysNSPT\CtrlCmd.cpp(430,4): warning C4996: 'sprintf': This function or variable may be unsafe. Consider using sprintf_s instead. To disable deprecation, use _CRT_SECURE_NO_WARNINGS. See online help for details. [D:\a\TohoSpec\TohoSpec\SRC\MotSysNSPT\MotSysG.vcxproj]
    21>D:\a\TohoSpec\TohoSpec\SRC\MotSysNSPT\CtrlCmd.cpp(442,6): warning C4996: 'sprintf': This function or variable may be unsafe. Consider using sprintf_s instead. To disable deprecation, use _CRT_SECURE_NO_WARNINGS. See online help for details. [D:\a\TohoSpec\TohoSpec\SRC\MotSysNSPT\MotSysG.vcxproj]
    21>D:\a\TohoSpec\TohoSpec\SRC\MotSysNSPT\CtrlCmd.cpp(457,7): warning C4996: 'strcpy': This function or variable may be unsafe. Consider using strcpy_s instead. To disable deprecation, use _CRT_SECURE_NO_WARNINGS. See online help for details. [D:\a\TohoSpec\TohoSpec\SRC\MotSysNSPT\MotSysG.vcxproj]
    21>D:\a\TohoSpec\TohoSpec\SRC\MotSysNSPT\CtrlCmd.cpp(492,7): warning C4996: 'sprintf': This function or variable may be unsafe. Consider using sprintf_s instead. To disable deprecation, use _CRT_SECURE_NO_WARNINGS. See online help for details. [D:\a\TohoSpec\TohoSpec\SRC\MotSysNSPT\MotSysG.vcxproj]
    21>D:\a\TohoSpec\TohoSpec\SRC\MotSysNSPT\CtrlCmd.cpp(523,4): warning C4996: 'sprintf': This function or variable may be unsafe. Consider using sprintf_s instead. To disable deprecation, use _CRT_SECURE_NO_WARNINGS. See online help for details. [D:\a\TohoSpec\TohoSpec\SRC\MotSysNSPT\MotSysG.vcxproj]
    21>D:\a\TohoSpec\TohoSpec\SRC\MotSysNSPT\CtrlCmd.cpp(535,6): warning C4996: 'sprintf': This function or variable may be unsafe. Consider using sprintf_s instead. To disable deprecation, use _CRT_SECURE_NO_WARNINGS. See online help for details. [D:\a\TohoSpec\TohoSpec\SRC\MotSysNSPT\MotSysG.vcxproj]
    21>D:\a\TohoSpec\TohoSpec\SRC\MotSysNSPT\CtrlCmd.cpp(1014,5): warning C4996: 'sprintf': This function or variable may be unsafe. Consider using sprintf_s instead. To disable deprecation, use _CRT_SECURE_NO_WARNINGS. See online help for details. [D:\a\TohoSpec\TohoSpec\SRC\MotSysNSPT\MotSysG.vcxproj]
    21>D:\a\TohoSpec\TohoSpec\SRC\MotSysNSPT\CtrlCmd.cpp(1037,5): warning C4996: 'sprintf': This function or variable may be unsafe. Consider using sprintf_s instead. To disable deprecation, use _CRT_SECURE_NO_WARNINGS. See online help for details. [D:\a\TohoSpec\TohoSpec\SRC\MotSysNSPT\MotSysG.vcxproj]
    21>D:\a\TohoSpec\TohoSpec\SRC\MotSysNSPT\CtrlCmd.cpp(1117,6): warning C4996: 'sprintf': This function or variable may be unsafe. Consider using sprintf_s instead. To disable deprecation, use _CRT_SECURE_NO_WARNINGS. See online help for details. [D:\a\TohoSpec\TohoSpec\SRC\MotSysNSPT\MotSysG.vcxproj]
    21>D:\a\TohoSpec\TohoSpec\SRC\MotSysNSPT\CtrlCmd.cpp(1118,6): warning C4996: 'sprintf': This function or variable may be unsafe. Consider using sprintf_s instead. To disable deprecation, use _CRT_SECURE_NO_WARNINGS. See online help for details. [D:\a\TohoSpec\TohoSpec\SRC\MotSysNSPT\MotSysG.vcxproj]
    21>D:\a\TohoSpec\TohoSpec\SRC\MotSysNSPT\CtrlCmd.cpp(1130,6): warning C4996: 'sprintf': This function or variable may be unsafe. Consider using sprintf_s instead. To disable deprecation, use _CRT_SECURE_NO_WARNINGS. See online help for details. [D:\a\TohoSpec\TohoSpec\SRC\MotSysNSPT\MotSysG.vcxproj]
    21>D:\a\TohoSpec\TohoSpec\SRC\MotSysNSPT\CtrlCmd.cpp(1282,3): warning C4996: 'sprintf': This function or variable may be unsafe. Consider using sprintf_s instead. To disable deprecation, use _CRT_SECURE_NO_WARNINGS. See online help for details. [D:\a\TohoSpec\TohoSpec\SRC\MotSysNSPT\MotSysG.vcxproj]
    21>D:\a\TohoSpec\TohoSpec\SRC\MotSysNSPT\CtrlCmd.cpp(1290,4): warning C4996: 'sprintf': This function or variable may be unsafe. Consider using sprintf_s instead. To disable deprecation, use _CRT_SECURE_NO_WARNINGS. See online help for details. [D:\a\TohoSpec\TohoSpec\SRC\MotSysNSPT\MotSysG.vcxproj]
    21>D:\a\TohoSpec\TohoSpec\SRC\MotSysNSPT\CtrlCmd.cpp(1330,3): warning C4996: 'sprintf': This function or variable may be unsafe. Consider using sprintf_s instead. To disable deprecation, use _CRT_SECURE_NO_WARNINGS. See online help for details. [D:\a\TohoSpec\TohoSpec\SRC\MotSysNSPT\MotSysG.vcxproj]
    21>D:\a\TohoSpec\TohoSpec\SRC\MotSysNSPT\CtrlCmd.cpp(1338,4): warning C4996: 'sprintf': This function or variable may be unsafe. Consider using sprintf_s instead. To disable deprecation, use _CRT_SECURE_NO_WARNINGS. See online help for details. [D:\a\TohoSpec\TohoSpec\SRC\MotSysNSPT\MotSysG.vcxproj]
    21>D:\a\TohoSpec\TohoSpec\SRC\MotSysNSPT\CtrlCmd.cpp(1378,3): warning C4996: 'sprintf': This function or variable may be unsafe. Consider using sprintf_s instead. To disable deprecation, use _CRT_SECURE_NO_WARNINGS. See online help for details. [D:\a\TohoSpec\TohoSpec\SRC\MotSysNSPT\MotSysG.vcxproj]
    21>D:\a\TohoSpec\TohoSpec\SRC\MotSysNSPT\CtrlCmd.cpp(1386,4): warning C4996: 'sprintf': This function or variable may be unsafe. Consider using sprintf_s instead. To disable deprecation, use _CRT_SECURE_NO_WARNINGS. See online help for details. [D:\a\TohoSpec\TohoSpec\SRC\MotSysNSPT\MotSysG.vcxproj]
    21>D:\a\TohoSpec\TohoSpec\SRC\MotSysNSPT\CtrlCmd.cpp(1426,3): warning C4996: 'sprintf': This function or variable may be unsafe. Consider using sprintf_s instead. To disable deprecation, use _CRT_SECURE_NO_WARNINGS. See online help for details. [D:\a\TohoSpec\TohoSpec\SRC\MotSysNSPT\MotSysG.vcxproj]
    21>D:\a\TohoSpec\TohoSpec\SRC\MotSysNSPT\CtrlCmd.cpp(1434,4): warning C4996: 'sprintf': This function or variable may be unsafe. Consider using sprintf_s instead. To disable deprecation, use _CRT_SECURE_NO_WARNINGS. See online help for details. [D:\a\TohoSpec\TohoSpec\SRC\MotSysNSPT\MotSysG.vcxproj]
    21>D:\a\TohoSpec\TohoSpec\SRC\MotSysNSPT\CtrlCmd.cpp(1470,3): warning C4996: 'sprintf': This function or variable may be unsafe. Consider using sprintf_s instead. To disable deprecation, use _CRT_SECURE_NO_WARNINGS. See online help for details. [D:\a\TohoSpec\TohoSpec\SRC\MotSysNSPT\MotSysG.vcxproj]
    21>D:\a\TohoSpec\TohoSpec\SRC\MotSysNSPT\CtrlCmd.cpp(1513,2): warning C4996: 'sprintf': This function or variable may be unsafe. Consider using sprintf_s instead. To disable deprecation, use _CRT_SECURE_NO_WARNINGS. See online help for details. [D:\a\TohoSpec\TohoSpec\SRC\MotSysNSPT\MotSysG.vcxproj]
    21>D:\a\TohoSpec\TohoSpec\SRC\MotSysNSPT\CtrlCmd.cpp(1541,2): warning C4996: 'sprintf': This function or variable may be unsafe. Consider using sprintf_s instead. To disable deprecation, use _CRT_SECURE_NO_WARNINGS. See online help for details. [D:\a\TohoSpec\TohoSpec\SRC\MotSysNSPT\MotSysG.vcxproj]
    21>D:\a\TohoSpec\TohoSpec\SRC\MotSysNSPT\CtrlCmd.cpp(1616,2): warning C4996: 'sprintf': This function or variable may be unsafe. Consider using sprintf_s instead. To disable deprecation, use _CRT_SECURE_NO_WARNINGS. See online help for details. [D:\a\TohoSpec\TohoSpec\SRC\MotSysNSPT\MotSysG.vcxproj]
    21>D:\a\TohoSpec\TohoSpec\SRC\MotSysNSPT\CtrlCmd.cpp(1617,2): warning C4996: 'sprintf': This function or variable may be unsafe. Consider using sprintf_s instead. To disable deprecation, use _CRT_SECURE_NO_WARNINGS. See online help for details. [D:\a\TohoSpec\TohoSpec\SRC\MotSysNSPT\MotSysG.vcxproj]
    21>D:\a\TohoSpec\TohoSpec\SRC\MotSysNSPT\CtrlCmd.cpp(1618,2): warning C4996: 'sprintf': This function or variable may be unsafe. Consider using sprintf_s instead. To disable deprecation, use _CRT_SECURE_NO_WARNINGS. See online help for details. [D:\a\TohoSpec\TohoSpec\SRC\MotSysNSPT\MotSysG.vcxproj]
    21>D:\a\TohoSpec\TohoSpec\SRC\MotSysNSPT\CtrlCmd.cpp(1619,2): warning C4996: 'sprintf': This function or variable may be unsafe. Consider using sprintf_s instead. To disable deprecation, use _CRT_SECURE_NO_WARNINGS. See online help for details. [D:\a\TohoSpec\TohoSpec\SRC\MotSysNSPT\MotSysG.vcxproj]
    21>D:\a\TohoSpec\TohoSpec\SRC\MotSysNSPT\CtrlCmd.cpp(1627,2): warning C4996: 'sprintf': This function or variable may be unsafe. Consider using sprintf_s instead. To disable deprecation, use _CRT_SECURE_NO_WARNINGS. See online help for details. [D:\a\TohoSpec\TohoSpec\SRC\MotSysNSPT\MotSysG.vcxproj]
    21>D:\a\TohoSpec\TohoSpec\SRC\MotSysNSPT\CtrlCmd.cpp(1719,2): warning C4996: 'sprintf': This function or variable may be unsafe. Consider using sprintf_s instead. To disable deprecation, use _CRT_SECURE_NO_WARNINGS. See online help for details. [D:\a\TohoSpec\TohoSpec\SRC\MotSysNSPT\MotSysG.vcxproj]
    21>D:\a\TohoSpec\TohoSpec\SRC\MotSysNSPT\CtrlCmd.cpp(1720,2): warning C4996: 'sprintf': This function or variable may be unsafe. Consider using sprintf_s instead. To disable deprecation, use _CRT_SECURE_NO_WARNINGS. See online help for details. [D:\a\TohoSpec\TohoSpec\SRC\MotSysNSPT\MotSysG.vcxproj]
    21>D:\a\TohoSpec\TohoSpec\SRC\MotSysNSPT\CtrlCmd.cpp(1721,2): warning C4996: 'sprintf': This function or variable may be unsafe. Consider using sprintf_s instead. To disable deprecation, use _CRT_SECURE_NO_WARNINGS. See online help for details. [D:\a\TohoSpec\TohoSpec\SRC\MotSysNSPT\MotSysG.vcxproj]
    21>D:\a\TohoSpec\TohoSpec\SRC\MotSysNSPT\CtrlCmd.cpp(1722,2): warning C4996: 'sprintf': This function or variable may be unsafe. Consider using sprintf_s instead. To disable deprecation, use _CRT_SECURE_NO_WARNINGS. See online help for details. [D:\a\TohoSpec\TohoSpec\SRC\MotSysNSPT\MotSysG.vcxproj]
    21>D:\a\TohoSpec\TohoSpec\SRC\MotSysNSPT\CtrlCmd.cpp(1729,2): warning C4996: 'sprintf': This function or variable may be unsafe. Consider using sprintf_s instead. To disable deprecation, use _CRT_SECURE_NO_WARNINGS. See online help for details. [D:\a\TohoSpec\TohoSpec\SRC\MotSysNSPT\MotSysG.vcxproj]
    21>D:\a\TohoSpec\TohoSpec\SRC\MotSysNSPT\CtrlCmd.cpp(1818,2): warning C4996: 'sprintf': This function or variable may be unsafe. Consider using sprintf_s instead. To disable deprecation, use _CRT_SECURE_NO_WARNINGS. See online help for details. [D:\a\TohoSpec\TohoSpec\SRC\MotSysNSPT\MotSysG.vcxproj]
    21>D:\a\TohoSpec\TohoSpec\SRC\MotSysNSPT\CtrlCmd.cpp(1819,2): warning C4996: 'sprintf': This function or variable may be unsafe. Consider using sprintf_s instead. To disable deprecation, use _CRT_SECURE_NO_WARNINGS. See online help for details. [D:\a\TohoSpec\TohoSpec\SRC\MotSysNSPT\MotSysG.vcxproj]
    21>D:\a\TohoSpec\TohoSpec\SRC\MotSysNSPT\CtrlCmd.cpp(1820,2): warning C4996: 'sprintf': This function or variable may be unsafe. Consider using sprintf_s instead. To disable deprecation, use _CRT_SECURE_NO_WARNINGS. See online help for details. [D:\a\TohoSpec\TohoSpec\SRC\MotSysNSPT\MotSysG.vcxproj]
    21>D:\a\TohoSpec\TohoSpec\SRC\MotSysNSPT\CtrlCmd.cpp(1821,2): warning C4996: 'sprintf': This function or variable may be unsafe. Consider using sprintf_s instead. To disable deprecation, use _CRT_SECURE_NO_WARNINGS. See online help for details. [D:\a\TohoSpec\TohoSpec\SRC\MotSysNSPT\MotSysG.vcxproj]
    21>D:\a\TohoSpec\TohoSpec\SRC\MotSysNSPT\CtrlCmd.cpp(1829,2): warning C4996: 'sprintf': This function or variable may be unsafe. Consider using sprintf_s instead. To disable deprecation, use _CRT_SECURE_NO_WARNINGS. See online help for details. [D:\a\TohoSpec\TohoSpec\SRC\MotSysNSPT\MotSysG.vcxproj]
    21>D:\a\TohoSpec\TohoSpec\SRC\MotSysNSPT\CtrlCmd.cpp(1878,3): warning C4996: 'sprintf': This function or variable may be unsafe. Consider using sprintf_s instead. To disable deprecation, use _CRT_SECURE_NO_WARNINGS. See online help for details. [D:\a\TohoSpec\TohoSpec\SRC\MotSysNSPT\MotSysG.vcxproj]
    21>D:\a\TohoSpec\TohoSpec\SRC\MotSysNSPT\CtrlCmd.cpp(1879,3): warning C4996: 'sprintf': This function or variable may be unsafe. Consider using sprintf_s instead. To disable deprecation, use _CRT_SECURE_NO_WARNINGS. See online help for details. [D:\a\TohoSpec\TohoSpec\SRC\MotSysNSPT\MotSysG.vcxproj]
    21>D:\a\TohoSpec\TohoSpec\SRC\MotSysNSPT\CtrlCmd.cpp(1880,3): warning C4996: 'sprintf': This function or variable may be unsafe. Consider using sprintf_s instead. To disable deprecation, use _CRT_SECURE_NO_WARNINGS. See online help for details. [D:\a\TohoSpec\TohoSpec\SRC\MotSysNSPT\MotSysG.vcxproj]
    21>D:\a\TohoSpec\TohoSpec\SRC\MotSysNSPT\CtrlCmd.cpp(1883,3): warning C4996: 'sprintf': This function or variable may be unsafe. Consider using sprintf_s instead. To disable deprecation, use _CRT_SECURE_NO_WARNINGS. See online help for details. [D:\a\TohoSpec\TohoSpec\SRC\MotSysNSPT\MotSysG.vcxproj]
    21>D:\a\TohoSpec\TohoSpec\SRC\MotSysNSPT\CtrlCmd.cpp(1884,3): warning C4996: 'sprintf': This function or variable may be unsafe. Consider using sprintf_s instead. To disable deprecation, use _CRT_SECURE_NO_WARNINGS. See online help for details. [D:\a\TohoSpec\TohoSpec\SRC\MotSysNSPT\MotSysG.vcxproj]
    21>D:\a\TohoSpec\TohoSpec\SRC\MotSysNSPT\CtrlCmd.cpp(1893,3): warning C4996: 'sprintf': This function or variable may be unsafe. Consider using sprintf_s instead. To disable deprecation, use _CRT_SECURE_NO_WARNINGS. See online help for details. [D:\a\TohoSpec\TohoSpec\SRC\MotSysNSPT\MotSysG.vcxproj]
    21>D:\a\TohoSpec\TohoSpec\SRC\MotSysNSPT\CtrlCmd.cpp(1910,5): warning C4996: 'sprintf': This function or variable may be unsafe. Consider using sprintf_s instead. To disable deprecation, use _CRT_SECURE_NO_WARNINGS. See online help for details. [D:\a\TohoSpec\TohoSpec\SRC\MotSysNSPT\MotSysG.vcxproj]
    21>D:\a\TohoSpec\TohoSpec\SRC\MotSysNSPT\CtrlCmd.cpp(1911,5): warning C4996: 'sprintf': This function or variable may be unsafe. Consider using sprintf_s instead. To disable deprecation, use _CRT_SECURE_NO_WARNINGS. See online help for details. [D:\a\TohoSpec\TohoSpec\SRC\MotSysNSPT\MotSysG.vcxproj]
    21>D:\a\TohoSpec\TohoSpec\SRC\MotSysNSPT\CtrlCmd.cpp(1914,5): warning C4996: 'sprintf': This function or variable may be unsafe. Consider using sprintf_s instead. To disable deprecation, use _CRT_SECURE_NO_WARNINGS. See online help for details. [D:\a\TohoSpec\TohoSpec\SRC\MotSysNSPT\MotSysG.vcxproj]
    21>D:\a\TohoSpec\TohoSpec\SRC\MotSysNSPT\CtrlCmd.cpp(1916,6): warning C4996: 'sprintf': This function or variable may be unsafe. Consider using sprintf_s instead. To disable deprecation, use _CRT_SECURE_NO_WARNINGS. See online help for details. [D:\a\TohoSpec\TohoSpec\SRC\MotSysNSPT\MotSysG.vcxproj]
    21>D:\a\TohoSpec\TohoSpec\SRC\MotSysNSPT\CtrlCmd.cpp(1918,6): warning C4996: 'sprintf': This function or variable may be unsafe. Consider using sprintf_s instead. To disable deprecation, use _CRT_SECURE_NO_WARNINGS. See online help for details. [D:\a\TohoSpec\TohoSpec\SRC\MotSysNSPT\MotSysG.vcxproj]
    21>D:\a\TohoSpec\TohoSpec\SRC\MotSysNSPT\CtrlCmd.cpp(1927,5): warning C4996: 'sprintf': This function or variable may be unsafe. Consider using sprintf_s instead. To disable deprecation, use _CRT_SECURE_NO_WARNINGS. See online help for details. [D:\a\TohoSpec\TohoSpec\SRC\MotSysNSPT\MotSysG.vcxproj]
    21>D:\a\TohoSpec\TohoSpec\SRC\MotSysNSPT\CtrlCmd.cpp(1942,3): warning C4996: 'sprintf': This function or variable may be unsafe. Consider using sprintf_s instead. To disable deprecation, use _CRT_SECURE_NO_WARNINGS. See online help for details. [D:\a\TohoSpec\TohoSpec\SRC\MotSysNSPT\MotSysG.vcxproj]
    21>D:\a\TohoSpec\TohoSpec\SRC\MotSysNSPT\CtrlCmd.cpp(1943,3): warning C4996: 'sprintf': This function or variable may be unsafe. Consider using sprintf_s instead. To disable deprecation, use _CRT_SECURE_NO_WARNINGS. See online help for details. [D:\a\TohoSpec\TohoSpec\SRC\MotSysNSPT\MotSysG.vcxproj]
    21>D:\a\TohoSpec\TohoSpec\SRC\MotSysNSPT\CtrlCmd.cpp(1946,3): warning C4996: 'sprintf': This function or variable may be unsafe. Consider using sprintf_s instead. To disable deprecation, use _CRT_SECURE_NO_WARNINGS. See online help for details. [D:\a\TohoSpec\TohoSpec\SRC\MotSysNSPT\MotSysG.vcxproj]
    21>D:\a\TohoSpec\TohoSpec\SRC\MotSysNSPT\CtrlCmd.cpp(1947,3): warning C4996: 'sprintf': This function or variable may be unsafe. Consider using sprintf_s instead. To disable deprecation, use _CRT_SECURE_NO_WARNINGS. See online help for details. [D:\a\TohoSpec\TohoSpec\SRC\MotSysNSPT\MotSysG.vcxproj]
    21>D:\a\TohoSpec\TohoSpec\SRC\MotSysNSPT\CtrlCmd.cpp(1948,3): warning C4996: 'sprintf': This function or variable may be unsafe. Consider using sprintf_s instead. To disable deprecation, use _CRT_SECURE_NO_WARNINGS. See online help for details. [D:\a\TohoSpec\TohoSpec\SRC\MotSysNSPT\MotSysG.vcxproj]
    21>D:\a\TohoSpec\TohoSpec\SRC\MotSysNSPT\CtrlCmd.cpp(1951,3): warning C4996: 'sprintf': This function or variable may be unsafe. Consider using sprintf_s instead. To disable deprecation, use _CRT_SECURE_NO_WARNINGS. See online help for details. [D:\a\TohoSpec\TohoSpec\SRC\MotSysNSPT\MotSysG.vcxproj]
    21>D:\a\TohoSpec\TohoSpec\SRC\MotSysNSPT\CtrlCmd.cpp(1952,3): warning C4996: 'sprintf': This function or variable may be unsafe. Consider using sprintf_s instead. To disable deprecation, use _CRT_SECURE_NO_WARNINGS. See online help for details. [D:\a\TohoSpec\TohoSpec\SRC\MotSysNSPT\MotSysG.vcxproj]
    21>D:\a\TohoSpec\TohoSpec\SRC\MotSysNSPT\CtrlCmd.cpp(1953,3): warning C4996: 'sprintf': This function or variable may be unsafe. Consider using sprintf_s instead. To disable deprecation, use _CRT_SECURE_NO_WARNINGS. See online help for details. [D:\a\TohoSpec\TohoSpec\SRC\MotSysNSPT\MotSysG.vcxproj]
    21>D:\a\TohoSpec\TohoSpec\SRC\MotSysNSPT\CtrlCmd.cpp(1956,3): warning C4996: 'sprintf': This function or variable may be unsafe. Consider using sprintf_s instead. To disable deprecation, use _CRT_SECURE_NO_WARNINGS. See online help for details. [D:\a\TohoSpec\TohoSpec\SRC\MotSysNSPT\MotSysG.vcxproj]
    21>D:\a\TohoSpec\TohoSpec\SRC\MotSysNSPT\CtrlCmd.cpp(1970,3): warning C4996: 'sprintf': This function or variable may be unsafe. Consider using sprintf_s instead. To disable deprecation, use _CRT_SECURE_NO_WARNINGS. See online help for details. [D:\a\TohoSpec\TohoSpec\SRC\MotSysNSPT\MotSysG.vcxproj]
    21>D:\a\TohoSpec\TohoSpec\SRC\MotSysNSPT\CtrlCmd.cpp(2408,2): warning C4996: 'sprintf': This function or variable may be unsafe. Consider using sprintf_s instead. To disable deprecation, use _CRT_SECURE_NO_WARNINGS. See online help for details. [D:\a\TohoSpec\TohoSpec\SRC\MotSysNSPT\MotSysG.vcxproj]
    21>D:\a\TohoSpec\TohoSpec\SRC\MotSysNSPT\CtrlCmd.cpp(2427,44): warning C4838: conversion from 'int' to 'DWORD' requires a narrowing conversion [D:\a\TohoSpec\TohoSpec\SRC\MotSysNSPT\MotSysG.vcxproj]
    21>D:\a\TohoSpec\TohoSpec\SRC\MotSysNSPT\CtrlCmd.cpp(2427,48): warning C4838: conversion from 'int' to 'DWORD' requires a narrowing conversion [D:\a\TohoSpec\TohoSpec\SRC\MotSysNSPT\MotSysG.vcxproj]
    21>D:\a\TohoSpec\TohoSpec\SRC\MotSysNSPT\CtrlCmd.cpp(2427,52): warning C4838: conversion from 'int' to 'DWORD' requires a narrowing conversion [D:\a\TohoSpec\TohoSpec\SRC\MotSysNSPT\MotSysG.vcxproj]
    21>D:\a\TohoSpec\TohoSpec\SRC\MotSysNSPT\CtrlCmd.cpp(2427,56): warning C4838: conversion from 'int' to 'DWORD' requires a narrowing conversion [D:\a\TohoSpec\TohoSpec\SRC\MotSysNSPT\MotSysG.vcxproj]
    21>D:\a\TohoSpec\TohoSpec\SRC\MotSysNSPT\CtrlCmd.cpp(2524,5): warning C4996: 'sprintf': This function or variable may be unsafe. Consider using sprintf_s instead. To disable deprecation, use _CRT_SECURE_NO_WARNINGS. See online help for details. [D:\a\TohoSpec\TohoSpec\SRC\MotSysNSPT\MotSysG.vcxproj]
    21>D:\a\TohoSpec\TohoSpec\SRC\MotSysNSPT\CtrlCmd.cpp(2537,2): warning C4996: 'sprintf': This function or variable may be unsafe. Consider using sprintf_s instead. To disable deprecation, use _CRT_SECURE_NO_WARNINGS. See online help for details. [D:\a\TohoSpec\TohoSpec\SRC\MotSysNSPT\MotSysG.vcxproj]
    21>D:\a\TohoSpec\TohoSpec\SRC\MotSysNSPT\CtrlCmd.cpp(2542,2): warning C4996: 'sprintf': This function or variable may be unsafe. Consider using sprintf_s instead. To disable deprecation, use _CRT_SECURE_NO_WARNINGS. See online help for details. [D:\a\TohoSpec\TohoSpec\SRC\MotSysNSPT\MotSysG.vcxproj]
    21>D:\a\TohoSpec\TohoSpec\SRC\MotSysNSPT\CtrlCmd.cpp(2555,3): warning C4996: 'sprintf': This function or variable may be unsafe. Consider using sprintf_s instead. To disable deprecation, use _CRT_SECURE_NO_WARNINGS. See online help for details. [D:\a\TohoSpec\TohoSpec\SRC\MotSysNSPT\MotSysG.vcxproj]
    21>D:\a\TohoSpec\TohoSpec\SRC\MotSysNSPT\CtrlCmd.cpp(2557,3): warning C4996: 'sprintf': This function or variable may be unsafe. Consider using sprintf_s instead. To disable deprecation, use _CRT_SECURE_NO_WARNINGS. See online help for details. [D:\a\TohoSpec\TohoSpec\SRC\MotSysNSPT\MotSysG.vcxproj]
    21>D:\a\TohoSpec\TohoSpec\SRC\MotSysNSPT\CtrlCmd.cpp(2559,3): warning C4996: 'sprintf': This function or variable may be unsafe. Consider using sprintf_s instead. To disable deprecation, use _CRT_SECURE_NO_WARNINGS. See online help for details. [D:\a\TohoSpec\TohoSpec\SRC\MotSysNSPT\MotSysG.vcxproj]
    21>D:\a\TohoSpec\TohoSpec\SRC\MotSysNSPT\CtrlCmd.cpp(2607,3): warning C4996: 'sprintf': This function or variable may be unsafe. Consider using sprintf_s instead. To disable deprecation, use _CRT_SECURE_NO_WARNINGS. See online help for details. [D:\a\TohoSpec\TohoSpec\SRC\MotSysNSPT\MotSysG.vcxproj]
    21>D:\a\TohoSpec\TohoSpec\SRC\MotSysNSPT\CtrlCmd.cpp(2609,3): warning C4996: 'sprintf': This function or variable may be unsafe. Consider using sprintf_s instead. To disable deprecation, use _CRT_SECURE_NO_WARNINGS. See online help for details. [D:\a\TohoSpec\TohoSpec\SRC\MotSysNSPT\MotSysG.vcxproj]
    21>D:\a\TohoSpec\TohoSpec\SRC\MotSysNSPT\CtrlCmd.cpp(2611,3): warning C4996: 'sprintf': This function or variable may be unsafe. Consider using sprintf_s instead. To disable deprecation, use _CRT_SECURE_NO_WARNINGS. See online help for details. [D:\a\TohoSpec\TohoSpec\SRC\MotSysNSPT\MotSysG.vcxproj]
    21>D:\a\TohoSpec\TohoSpec\SRC\MotSysNSPT\CtrlCmd.cpp(2613,3): warning C4996: 'sprintf': This function or variable may be unsafe. Consider using sprintf_s instead. To disable deprecation, use _CRT_SECURE_NO_WARNINGS. See online help for details. [D:\a\TohoSpec\TohoSpec\SRC\MotSysNSPT\MotSysG.vcxproj]
    21>D:\a\TohoSpec\TohoSpec\SRC\MotSysNSPT\CtrlCmd.cpp(2615,3): warning C4996: 'sprintf': This function or variable may be unsafe. Consider using sprintf_s instead. To disable deprecation, use _CRT_SECURE_NO_WARNINGS. See online help for details. [D:\a\TohoSpec\TohoSpec\SRC\MotSysNSPT\MotSysG.vcxproj]
    21>D:\a\TohoSpec\TohoSpec\SRC\MotSysNSPT\CtrlCmd.cpp(2617,3): warning C4996: 'sprintf': This function or variable may be unsafe. Consider using sprintf_s instead. To disable deprecation, use _CRT_SECURE_NO_WARNINGS. See online help for details. [D:\a\TohoSpec\TohoSpec\SRC\MotSysNSPT\MotSysG.vcxproj]
    21>D:\a\TohoSpec\TohoSpec\SRC\MotSysNSPT\CtrlCmd.cpp(2619,3): warning C4996: 'sprintf': This function or variable may be unsafe. Consider using sprintf_s instead. To disable deprecation, use _CRT_SECURE_NO_WARNINGS. See online help for details. [D:\a\TohoSpec\TohoSpec\SRC\MotSysNSPT\MotSysG.vcxproj]
    21>D:\a\TohoSpec\TohoSpec\SRC\MotSysNSPT\CtrlCmd.cpp(2621,3): warning C4996: 'sprintf': This function or variable may be unsafe. Consider using sprintf_s instead. To disable deprecation, use _CRT_SECURE_NO_WARNINGS. See online help for details. [D:\a\TohoSpec\TohoSpec\SRC\MotSysNSPT\MotSysG.vcxproj]
    21>D:\a\TohoSpec\TohoSpec\SRC\MotSysNSPT\CtrlCmd.cpp(2623,3): warning C4996: 'sprintf': This function or variable may be unsafe. Consider using sprintf_s instead. To disable deprecation, use _CRT_SECURE_NO_WARNINGS. See online help for details. [D:\a\TohoSpec\TohoSpec\SRC\MotSysNSPT\MotSysG.vcxproj]
    21>D:\a\TohoSpec\TohoSpec\SRC\MotSysNSPT\CtrlCmd.cpp(2630,3): warning C4996: 'sprintf': This function or variable may be unsafe. Consider using sprintf_s instead. To disable deprecation, use _CRT_SECURE_NO_WARNINGS. See online help for details. [D:\a\TohoSpec\TohoSpec\SRC\MotSysNSPT\MotSysG.vcxproj]
    21>D:\a\TohoSpec\TohoSpec\SRC\MotSysNSPT\CtrlCmd.cpp(2632,3): warning C4996: 'sprintf': This function or variable may be unsafe. Consider using sprintf_s instead. To disable deprecation, use _CRT_SECURE_NO_WARNINGS. See online help for details. [D:\a\TohoSpec\TohoSpec\SRC\MotSysNSPT\MotSysG.vcxproj]
    21>D:\a\TohoSpec\TohoSpec\SRC\MotSysNSPT\CtrlCmd.cpp(2634,3): warning C4996: 'sprintf': This function or variable may be unsafe. Consider using sprintf_s instead. To disable deprecation, use _CRT_SECURE_NO_WARNINGS. See online help for details. [D:\a\TohoSpec\TohoSpec\SRC\MotSysNSPT\MotSysG.vcxproj]
    21>D:\a\TohoSpec\TohoSpec\SRC\MotSysNSPT\CtrlCmd.cpp(2636,3): warning C4996: 'sprintf': This function or variable may be unsafe. Consider using sprintf_s instead. To disable deprecation, use _CRT_SECURE_NO_WARNINGS. See online help for details. [D:\a\TohoSpec\TohoSpec\SRC\MotSysNSPT\MotSysG.vcxproj]
    21>D:\a\TohoSpec\TohoSpec\SRC\MotSysNSPT\CtrlCmd.cpp(2643,3): warning C4996: 'sprintf': This function or variable may be unsafe. Consider using sprintf_s instead. To disable deprecation, use _CRT_SECURE_NO_WARNINGS. See online help for details. [D:\a\TohoSpec\TohoSpec\SRC\MotSysNSPT\MotSysG.vcxproj]
    21>D:\a\TohoSpec\TohoSpec\SRC\MotSysNSPT\CtrlCmd.cpp(2645,3): warning C4996: 'sprintf': This function or variable may be unsafe. Consider using sprintf_s instead. To disable deprecation, use _CRT_SECURE_NO_WARNINGS. See online help for details. [D:\a\TohoSpec\TohoSpec\SRC\MotSysNSPT\MotSysG.vcxproj]
    21>D:\a\TohoSpec\TohoSpec\SRC\MotSysNSPT\CtrlCmd.cpp(2647,3): warning C4996: 'sprintf': This function or variable may be unsafe. Consider using sprintf_s instead. To disable deprecation, use _CRT_SECURE_NO_WARNINGS. See online help for details. [D:\a\TohoSpec\TohoSpec\SRC\MotSysNSPT\MotSysG.vcxproj]
    21>D:\a\TohoSpec\TohoSpec\SRC\MotSysNSPT\CtrlCmd.cpp(2659,3): warning C4996: 'sprintf': This function or variable may be unsafe. Consider using sprintf_s instead. To disable deprecation, use _CRT_SECURE_NO_WARNINGS. See online help for details. [D:\a\TohoSpec\TohoSpec\SRC\MotSysNSPT\MotSysG.vcxproj]
    21>D:\a\TohoSpec\TohoSpec\SRC\MotSysNSPT\CtrlCmd.cpp(2661,3): warning C4996: 'sprintf': This function or variable may be unsafe. Consider using sprintf_s instead. To disable deprecation, use _CRT_SECURE_NO_WARNINGS. See online help for details. [D:\a\TohoSpec\TohoSpec\SRC\MotSysNSPT\MotSysG.vcxproj]
    21>D:\a\TohoSpec\TohoSpec\SRC\MotSysNSPT\CtrlCmd.cpp(2663,3): warning C4996: 'sprintf': This function or variable may be unsafe. Consider using sprintf_s instead. To disable deprecation, use _CRT_SECURE_NO_WARNINGS. See online help for details. [D:\a\TohoSpec\TohoSpec\SRC\MotSysNSPT\MotSysG.vcxproj]
    21>D:\a\TohoSpec\TohoSpec\SRC\MotSysNSPT\CtrlCmd.cpp(2726,3): warning C4996: 'sprintf': This function or variable may be unsafe. Consider using sprintf_s instead. To disable deprecation, use _CRT_SECURE_NO_WARNINGS. See online help for details. [D:\a\TohoSpec\TohoSpec\SRC\MotSysNSPT\MotSysG.vcxproj]
    21>D:\a\TohoSpec\TohoSpec\SRC\MotSysNSPT\CtrlCmd.cpp(2728,3): warning C4996: 'sprintf': This function or variable may be unsafe. Consider using sprintf_s instead. To disable deprecation, use _CRT_SECURE_NO_WARNINGS. See online help for details. [D:\a\TohoSpec\TohoSpec\SRC\MotSysNSPT\MotSysG.vcxproj]
    21>D:\a\TohoSpec\TohoSpec\SRC\MotSysNSPT\CtrlCmd.cpp(2730,3): warning C4996: 'sprintf': This function or variable may be unsafe. Consider using sprintf_s instead. To disable deprecation, use _CRT_SECURE_NO_WARNINGS. See online help for details. [D:\a\TohoSpec\TohoSpec\SRC\MotSysNSPT\MotSysG.vcxproj]
    21>D:\a\TohoSpec\TohoSpec\SRC\MotSysNSPT\CtrlCmd.cpp(2732,3): warning C4996: 'sprintf': This function or variable may be unsafe. Consider using sprintf_s instead. To disable deprecation, use _CRT_SECURE_NO_WARNINGS. See online help for details. [D:\a\TohoSpec\TohoSpec\SRC\MotSysNSPT\MotSysG.vcxproj]
    21>D:\a\TohoSpec\TohoSpec\SRC\MotSysNSPT\CtrlCmd.cpp(2734,3): warning C4996: 'sprintf': This function or variable may be unsafe. Consider using sprintf_s instead. To disable deprecation, use _CRT_SECURE_NO_WARNINGS. See online help for details. [D:\a\TohoSpec\TohoSpec\SRC\MotSysNSPT\MotSysG.vcxproj]
    21>D:\a\TohoSpec\TohoSpec\SRC\MotSysNSPT\CtrlCmd.cpp(2736,3): warning C4996: 'sprintf': This function or variable may be unsafe. Consider using sprintf_s instead. To disable deprecation, use _CRT_SECURE_NO_WARNINGS. See online help for details. [D:\a\TohoSpec\TohoSpec\SRC\MotSysNSPT\MotSysG.vcxproj]
    21>D:\a\TohoSpec\TohoSpec\SRC\MotSysNSPT\CtrlCmd.cpp(2738,3): warning C4996: 'sprintf': This function or variable may be unsafe. Consider using sprintf_s instead. To disable deprecation, use _CRT_SECURE_NO_WARNINGS. See online help for details. [D:\a\TohoSpec\TohoSpec\SRC\MotSysNSPT\MotSysG.vcxproj]
    21>D:\a\TohoSpec\TohoSpec\SRC\MotSysNSPT\CtrlCmd.cpp(2740,3): warning C4996: 'sprintf': This function or variable may be unsafe. Consider using sprintf_s instead. To disable deprecation, use _CRT_SECURE_NO_WARNINGS. See online help for details. [D:\a\TohoSpec\TohoSpec\SRC\MotSysNSPT\MotSysG.vcxproj]
    21>D:\a\TohoSpec\TohoSpec\SRC\MotSysNSPT\CtrlCmd.cpp(2742,3): warning C4996: 'sprintf': This function or variable may be unsafe. Consider using sprintf_s instead. To disable deprecation, use _CRT_SECURE_NO_WARNINGS. See online help for details. [D:\a\TohoSpec\TohoSpec\SRC\MotSysNSPT\MotSysG.vcxproj]
    21>D:\a\TohoSpec\TohoSpec\SRC\MotSysNSPT\CtrlCmd.cpp(2749,3): warning C4996: 'sprintf': This function or variable may be unsafe. Consider using sprintf_s instead. To disable deprecation, use _CRT_SECURE_NO_WARNINGS. See online help for details. [D:\a\TohoSpec\TohoSpec\SRC\MotSysNSPT\MotSysG.vcxproj]
    21>D:\a\TohoSpec\TohoSpec\SRC\MotSysNSPT\CtrlCmd.cpp(2751,3): warning C4996: 'sprintf': This function or variable may be unsafe. Consider using sprintf_s instead. To disable deprecation, use _CRT_SECURE_NO_WARNINGS. See online help for details. [D:\a\TohoSpec\TohoSpec\SRC\MotSysNSPT\MotSysG.vcxproj]
    21>D:\a\TohoSpec\TohoSpec\SRC\MotSysNSPT\CtrlCmd.cpp(2753,3): warning C4996: 'sprintf': This function or variable may be unsafe. Consider using sprintf_s instead. To disable deprecation, use _CRT_SECURE_NO_WARNINGS. See online help for details. [D:\a\TohoSpec\TohoSpec\SRC\MotSysNSPT\MotSysG.vcxproj]
    21>D:\a\TohoSpec\TohoSpec\SRC\MotSysNSPT\CtrlCmd.cpp(2755,3): warning C4996: 'sprintf': This function or variable may be unsafe. Consider using sprintf_s instead. To disable deprecation, use _CRT_SECURE_NO_WARNINGS. See online help for details. [D:\a\TohoSpec\TohoSpec\SRC\MotSysNSPT\MotSysG.vcxproj]
    21>D:\a\TohoSpec\TohoSpec\SRC\MotSysNSPT\CtrlCmd.cpp(2762,3): warning C4996: 'sprintf': This function or variable may be unsafe. Consider using sprintf_s instead. To disable deprecation, use _CRT_SECURE_NO_WARNINGS. See online help for details. [D:\a\TohoSpec\TohoSpec\SRC\MotSysNSPT\MotSysG.vcxproj]
    21>D:\a\TohoSpec\TohoSpec\SRC\MotSysNSPT\CtrlCmd.cpp(2764,3): warning C4996: 'sprintf': This function or variable may be unsafe. Consider using sprintf_s instead. To disable deprecation, use _CRT_SECURE_NO_WARNINGS. See online help for details. [D:\a\TohoSpec\TohoSpec\SRC\MotSysNSPT\MotSysG.vcxproj]
    21>D:\a\TohoSpec\TohoSpec\SRC\MotSysNSPT\CtrlCmd.cpp(2766,3): warning C4996: 'sprintf': This function or variable may be unsafe. Consider using sprintf_s instead. To disable deprecation, use _CRT_SECURE_NO_WARNINGS. See online help for details. [D:\a\TohoSpec\TohoSpec\SRC\MotSysNSPT\MotSysG.vcxproj]
    21>D:\a\TohoSpec\TohoSpec\SRC\MotSysNSPT\CtrlCmd.cpp(2776,3): warning C4996: 'sprintf': This function or variable may be unsafe. Consider using sprintf_s instead. To disable deprecation, use _CRT_SECURE_NO_WARNINGS. See online help for details. [D:\a\TohoSpec\TohoSpec\SRC\MotSysNSPT\MotSysG.vcxproj]
    21>D:\a\TohoSpec\TohoSpec\SRC\MotSysNSPT\CtrlCmd.cpp(2778,3): warning C4996: 'sprintf': This function or variable may be unsafe. Consider using sprintf_s instead. To disable deprecation, use _CRT_SECURE_NO_WARNINGS. See online help for details. [D:\a\TohoSpec\TohoSpec\SRC\MotSysNSPT\MotSysG.vcxproj]
    21>D:\a\TohoSpec\TohoSpec\SRC\MotSysNSPT\CtrlCmd.cpp(2780,3): warning C4996: 'sprintf': This function or variable may be unsafe. Consider using sprintf_s instead. To disable deprecation, use _CRT_SECURE_NO_WARNINGS. See online help for details. [D:\a\TohoSpec\TohoSpec\SRC\MotSysNSPT\MotSysG.vcxproj]
    21>D:\a\TohoSpec\TohoSpec\SRC\MotSysNSPT\CtrlCmd.cpp(2843,3): warning C4996: 'sprintf': This function or variable may be unsafe. Consider using sprintf_s instead. To disable deprecation, use _CRT_SECURE_NO_WARNINGS. See online help for details. [D:\a\TohoSpec\TohoSpec\SRC\MotSysNSPT\MotSysG.vcxproj]
    21>D:\a\TohoSpec\TohoSpec\SRC\MotSysNSPT\CtrlCmd.cpp(2845,3): warning C4996: 'sprintf': This function or variable may be unsafe. Consider using sprintf_s instead. To disable deprecation, use _CRT_SECURE_NO_WARNINGS. See online help for details. [D:\a\TohoSpec\TohoSpec\SRC\MotSysNSPT\MotSysG.vcxproj]
    21>D:\a\TohoSpec\TohoSpec\SRC\MotSysNSPT\CtrlCmd.cpp(2847,3): warning C4996: 'sprintf': This function or variable may be unsafe. Consider using sprintf_s instead. To disable deprecation, use _CRT_SECURE_NO_WARNINGS. See online help for details. [D:\a\TohoSpec\TohoSpec\SRC\MotSysNSPT\MotSysG.vcxproj]
    21>D:\a\TohoSpec\TohoSpec\SRC\MotSysNSPT\CtrlCmd.cpp(2849,3): warning C4996: 'sprintf': This function or variable may be unsafe. Consider using sprintf_s instead. To disable deprecation, use _CRT_SECURE_NO_WARNINGS. See online help for details. [D:\a\TohoSpec\TohoSpec\SRC\MotSysNSPT\MotSysG.vcxproj]
    21>D:\a\TohoSpec\TohoSpec\SRC\MotSysNSPT\CtrlCmd.cpp(2851,3): warning C4996: 'sprintf': This function or variable may be unsafe. Consider using sprintf_s instead. To disable deprecation, use _CRT_SECURE_NO_WARNINGS. See online help for details. [D:\a\TohoSpec\TohoSpec\SRC\MotSysNSPT\MotSysG.vcxproj]
    21>D:\a\TohoSpec\TohoSpec\SRC\MotSysNSPT\CtrlCmd.cpp(2853,3): warning C4996: 'sprintf': This function or variable may be unsafe. Consider using sprintf_s instead. To disable deprecation, use _CRT_SECURE_NO_WARNINGS. See online help for details. [D:\a\TohoSpec\TohoSpec\SRC\MotSysNSPT\MotSysG.vcxproj]
    21>D:\a\TohoSpec\TohoSpec\SRC\MotSysNSPT\CtrlCmd.cpp(2855,3): warning C4996: 'sprintf': This function or variable may be unsafe. Consider using sprintf_s instead. To disable deprecation, use _CRT_SECURE_NO_WARNINGS. See online help for details. [D:\a\TohoSpec\TohoSpec\SRC\MotSysNSPT\MotSysG.vcxproj]
    21>D:\a\TohoSpec\TohoSpec\SRC\MotSysNSPT\CtrlCmd.cpp(2857,3): warning C4996: 'sprintf': This function or variable may be unsafe. Consider using sprintf_s instead. To disable deprecation, use _CRT_SECURE_NO_WARNINGS. See online help for details. [D:\a\TohoSpec\TohoSpec\SRC\MotSysNSPT\MotSysG.vcxproj]
    21>D:\a\TohoSpec\TohoSpec\SRC\MotSysNSPT\CtrlCmd.cpp(2859,3): warning C4996: 'sprintf': This function or variable may be unsafe. Consider using sprintf_s instead. To disable deprecation, use _CRT_SECURE_NO_WARNINGS. See online help for details. [D:\a\TohoSpec\TohoSpec\SRC\MotSysNSPT\MotSysG.vcxproj]
    21>D:\a\TohoSpec\TohoSpec\SRC\MotSysNSPT\CtrlCmd.cpp(2866,3): warning C4996: 'sprintf': This function or variable may be unsafe. Consider using sprintf_s instead. To disable deprecation, use _CRT_SECURE_NO_WARNINGS. See online help for details. [D:\a\TohoSpec\TohoSpec\SRC\MotSysNSPT\MotSysG.vcxproj]
    21>D:\a\TohoSpec\TohoSpec\SRC\MotSysNSPT\CtrlCmd.cpp(2868,3): warning C4996: 'sprintf': This function or variable may be unsafe. Consider using sprintf_s instead. To disable deprecation, use _CRT_SECURE_NO_WARNINGS. See online help for details. [D:\a\TohoSpec\TohoSpec\SRC\MotSysNSPT\MotSysG.vcxproj]
    21>D:\a\TohoSpec\TohoSpec\SRC\MotSysNSPT\CtrlCmd.cpp(2870,3): warning C4996: 'sprintf': This function or variable may be unsafe. Consider using sprintf_s instead. To disable deprecation, use _CRT_SECURE_NO_WARNINGS. See online help for details. [D:\a\TohoSpec\TohoSpec\SRC\MotSysNSPT\MotSysG.vcxproj]
    21>D:\a\TohoSpec\TohoSpec\SRC\MotSysNSPT\CtrlCmd.cpp(2872,3): warning C4996: 'sprintf': This function or variable may be unsafe. Consider using sprintf_s instead. To disable deprecation, use _CRT_SECURE_NO_WARNINGS. See online help for details. [D:\a\TohoSpec\TohoSpec\SRC\MotSysNSPT\MotSysG.vcxproj]
    21>D:\a\TohoSpec\TohoSpec\SRC\MotSysNSPT\CtrlCmd.cpp(2879,3): warning C4996: 'sprintf': This function or variable may be unsafe. Consider using sprintf_s instead. To disable deprecation, use _CRT_SECURE_NO_WARNINGS. See online help for details. [D:\a\TohoSpec\TohoSpec\SRC\MotSysNSPT\MotSysG.vcxproj]
    21>D:\a\TohoSpec\TohoSpec\SRC\MotSysNSPT\CtrlCmd.cpp(2881,3): warning C4996: 'sprintf': This function or variable may be unsafe. Consider using sprintf_s instead. To disable deprecation, use _CRT_SECURE_NO_WARNINGS. See online help for details. [D:\a\TohoSpec\TohoSpec\SRC\MotSysNSPT\MotSysG.vcxproj]
    21>D:\a\TohoSpec\TohoSpec\SRC\MotSysNSPT\CtrlCmd.cpp(2883,3): warning C4996: 'sprintf': This function or variable may be unsafe. Consider using sprintf_s instead. To disable deprecation, use _CRT_SECURE_NO_WARNINGS. See online help for details. [D:\a\TohoSpec\TohoSpec\SRC\MotSysNSPT\MotSysG.vcxproj]
    21>D:\a\TohoSpec\TohoSpec\SRC\MotSysNSPT\CtrlCmd.cpp(2895,3): warning C4996: 'sprintf': This function or variable may be unsafe. Consider using sprintf_s instead. To disable deprecation, use _CRT_SECURE_NO_WARNINGS. See online help for details. [D:\a\TohoSpec\TohoSpec\SRC\MotSysNSPT\MotSysG.vcxproj]
    21>D:\a\TohoSpec\TohoSpec\SRC\MotSysNSPT\CtrlCmd.cpp(2897,3): warning C4996: 'sprintf': This function or variable may be unsafe. Consider using sprintf_s instead. To disable deprecation, use _CRT_SECURE_NO_WARNINGS. See online help for details. [D:\a\TohoSpec\TohoSpec\SRC\MotSysNSPT\MotSysG.vcxproj]
    21>D:\a\TohoSpec\TohoSpec\SRC\MotSysNSPT\CtrlCmd.cpp(2899,3): warning C4996: 'sprintf': This function or variable may be unsafe. Consider using sprintf_s instead. To disable deprecation, use _CRT_SECURE_NO_WARNINGS. See online help for details. [D:\a\TohoSpec\TohoSpec\SRC\MotSysNSPT\MotSysG.vcxproj]
    21>D:\a\TohoSpec\TohoSpec\SRC\MotSysNSPT\CtrlCmd.cpp(2962,3): warning C4996: 'sprintf': This function or variable may be unsafe. Consider using sprintf_s instead. To disable deprecation, use _CRT_SECURE_NO_WARNINGS. See online help for details. [D:\a\TohoSpec\TohoSpec\SRC\MotSysNSPT\MotSysG.vcxproj]
    21>D:\a\TohoSpec\TohoSpec\SRC\MotSysNSPT\CtrlCmd.cpp(2964,3): warning C4996: 'sprintf': This function or variable may be unsafe. Consider using sprintf_s instead. To disable deprecation, use _CRT_SECURE_NO_WARNINGS. See online help for details. [D:\a\TohoSpec\TohoSpec\SRC\MotSysNSPT\MotSysG.vcxproj]
    21>D:\a\TohoSpec\TohoSpec\SRC\MotSysNSPT\CtrlCmd.cpp(2966,3): warning C4996: 'sprintf': This function or variable may be unsafe. Consider using sprintf_s instead. To disable deprecation, use _CRT_SECURE_NO_WARNINGS. See online help for details. [D:\a\TohoSpec\TohoSpec\SRC\MotSysNSPT\MotSysG.vcxproj]
    21>D:\a\TohoSpec\TohoSpec\SRC\MotSysNSPT\CtrlCmd.cpp(2968,3): warning C4996: 'sprintf': This function or variable may be unsafe. Consider using sprintf_s instead. To disable deprecation, use _CRT_SECURE_NO_WARNINGS. See online help for details. [D:\a\TohoSpec\TohoSpec\SRC\MotSysNSPT\MotSysG.vcxproj]
    21>D:\a\TohoSpec\TohoSpec\SRC\MotSysNSPT\CtrlCmd.cpp(2970,3): warning C4996: 'sprintf': This function or variable may be unsafe. Consider using sprintf_s instead. To disable deprecation, use _CRT_SECURE_NO_WARNINGS. See online help for details. [D:\a\TohoSpec\TohoSpec\SRC\MotSysNSPT\MotSysG.vcxproj]
    21>D:\a\TohoSpec\TohoSpec\SRC\MotSysNSPT\CtrlCmd.cpp(2972,3): warning C4996: 'sprintf': This function or variable may be unsafe. Consider using sprintf_s instead. To disable deprecation, use _CRT_SECURE_NO_WARNINGS. See online help for details. [D:\a\TohoSpec\TohoSpec\SRC\MotSysNSPT\MotSysG.vcxproj]
    21>D:\a\TohoSpec\TohoSpec\SRC\MotSysNSPT\CtrlCmd.cpp(2974,3): warning C4996: 'sprintf': This function or variable may be unsafe. Consider using sprintf_s instead. To disable deprecation, use _CRT_SECURE_NO_WARNINGS. See online help for details. [D:\a\TohoSpec\TohoSpec\SRC\MotSysNSPT\MotSysG.vcxproj]
    21>D:\a\TohoSpec\TohoSpec\SRC\MotSysNSPT\CtrlCmd.cpp(2976,3): warning C4996: 'sprintf': This function or variable may be unsafe. Consider using sprintf_s instead. To disable deprecation, use _CRT_SECURE_NO_WARNINGS. See online help for details. [D:\a\TohoSpec\TohoSpec\SRC\MotSysNSPT\MotSysG.vcxproj]
    21>D:\a\TohoSpec\TohoSpec\SRC\MotSysNSPT\CtrlCmd.cpp(2978,3): warning C4996: 'sprintf': This function or variable may be unsafe. Consider using sprintf_s instead. To disable deprecation, use _CRT_SECURE_NO_WARNINGS. See online help for details. [D:\a\TohoSpec\TohoSpec\SRC\MotSysNSPT\MotSysG.vcxproj]
    21>D:\a\TohoSpec\TohoSpec\SRC\MotSysNSPT\CtrlCmd.cpp(2985,3): warning C4996: 'sprintf': This function or variable may be unsafe. Consider using sprintf_s instead. To disable deprecation, use _CRT_SECURE_NO_WARNINGS. See online help for details. [D:\a\TohoSpec\TohoSpec\SRC\MotSysNSPT\MotSysG.vcxproj]
    21>D:\a\TohoSpec\TohoSpec\SRC\MotSysNSPT\CtrlCmd.cpp(2987,3): warning C4996: 'sprintf': This function or variable may be unsafe. Consider using sprintf_s instead. To disable deprecation, use _CRT_SECURE_NO_WARNINGS. See online help for details. [D:\a\TohoSpec\TohoSpec\SRC\MotSysNSPT\MotSysG.vcxproj]
    21>D:\a\TohoSpec\TohoSpec\SRC\MotSysNSPT\CtrlCmd.cpp(2989,3): warning C4996: 'sprintf': This function or variable may be unsafe. Consider using sprintf_s instead. To disable deprecation, use _CRT_SECURE_NO_WARNINGS. See online help for details. [D:\a\TohoSpec\TohoSpec\SRC\MotSysNSPT\MotSysG.vcxproj]
    21>D:\a\TohoSpec\TohoSpec\SRC\MotSysNSPT\CtrlCmd.cpp(2991,3): warning C4996: 'sprintf': This function or variable may be unsafe. Consider using sprintf_s instead. To disable deprecation, use _CRT_SECURE_NO_WARNINGS. See online help for details. [D:\a\TohoSpec\TohoSpec\SRC\MotSysNSPT\MotSysG.vcxproj]
    21>D:\a\TohoSpec\TohoSpec\SRC\MotSysNSPT\CtrlCmd.cpp(2998,3): warning C4996: 'sprintf': This function or variable may be unsafe. Consider using sprintf_s instead. To disable deprecation, use _CRT_SECURE_NO_WARNINGS. See online help for details. [D:\a\TohoSpec\TohoSpec\SRC\MotSysNSPT\MotSysG.vcxproj]
    21>D:\a\TohoSpec\TohoSpec\SRC\MotSysNSPT\CtrlCmd.cpp(3000,3): warning C4996: 'sprintf': This function or variable may be unsafe. Consider using sprintf_s instead. To disable deprecation, use _CRT_SECURE_NO_WARNINGS. See online help for details. [D:\a\TohoSpec\TohoSpec\SRC\MotSysNSPT\MotSysG.vcxproj]
    21>D:\a\TohoSpec\TohoSpec\SRC\MotSysNSPT\CtrlCmd.cpp(3002,3): warning C4996: 'sprintf': This function or variable may be unsafe. Consider using sprintf_s instead. To disable deprecation, use _CRT_SECURE_NO_WARNINGS. See online help for details. [D:\a\TohoSpec\TohoSpec\SRC\MotSysNSPT\MotSysG.vcxproj]
    21>D:\a\TohoSpec\TohoSpec\SRC\MotSysNSPT\CtrlCmd.cpp(3014,3): warning C4996: 'sprintf': This function or variable may be unsafe. Consider using sprintf_s instead. To disable deprecation, use _CRT_SECURE_NO_WARNINGS. See online help for details. [D:\a\TohoSpec\TohoSpec\SRC\MotSysNSPT\MotSysG.vcxproj]
    21>D:\a\TohoSpec\TohoSpec\SRC\MotSysNSPT\CtrlCmd.cpp(3016,3): warning C4996: 'sprintf': This function or variable may be unsafe. Consider using sprintf_s instead. To disable deprecation, use _CRT_SECURE_NO_WARNINGS. See online help for details. [D:\a\TohoSpec\TohoSpec\SRC\MotSysNSPT\MotSysG.vcxproj]
    21>D:\a\TohoSpec\TohoSpec\SRC\MotSysNSPT\CtrlCmd.cpp(3018,3): warning C4996: 'sprintf': This function or variable may be unsafe. Consider using sprintf_s instead. To disable deprecation, use _CRT_SECURE_NO_WARNINGS. See online help for details. [D:\a\TohoSpec\TohoSpec\SRC\MotSysNSPT\MotSysG.vcxproj]
